"","colony_num","new_yard","split_date","parent_yard","parent_id","varroa_5cup","splits_made","stratum","trt","trt_numeric","notes","ch2_date","ch2_var_tray","ch2_var_wash","ch2_var_total","ch2_var_total2","ch2_var_total_check","ch2_wash_workers","ch2_wash_drones","ch2_wash_queens","ch18_date","ch18_qstatus","ch18_notes","ch18_eggs","ch18_ageoldest","ch18_age","ch30_date","ch30_eggs","ch30_qstatus","ch30_notes","ch30_ageoldest","ch30_age","lay_18","lay_30","start_layday","ch44_date","ch44_eggs","ch44_qstatus","ch44_fob","ch44_notes","ch58_date","ch58_eggs","ch58_qstatus","ch58_fob","ch58_notes","ch72_date","ch72_eggs","ch72_qstatus","ch72_fob","ch72_notes","ch72_supered","ch77_var_total","ch77_var_total2","ch77_var_total_check","ch77_wash_workers","ch77_wash_drones","ch77_wash_queens","ch77_lbs","ch77_lbs2","ch77_lbs_check","bottom_board","supers_supering_sheet_dontuse","chpost_date","post_supers_use","post_lbs","post_q_status","post_quick_fob","post_issues","post_notes","chpost_var_total","chpost_var_total2","chpost_var_total_check","chpost_wash_workers","chpost_wash_drones","chpost_wash_queens","date_decided_remove","exp_day_decided_remove","reason_removal","ch77_qstatus","ch77_efb","trt_label","trt_type","efb_columns","efb","ch2_wash_bees","ch77_wash_bees","chpost_wash_bees","qstatuses","failed","weak","QL","DL","established","issues","frames_bees","frames_wbr","frames_dbr","frames_honey","post_lbs_C","post_kgs_C"
"1","22-001","Shaw","3/8/22","MOT","21-030",16,3,1,"3-Taktic",3,"","3/10/22",21,3,24,24,"0",309,2,0,"3/26/22","QNS","","N",NA,NA,"4/7/22","Y","QR","","Prepupa",11,"#VALUE!","19",19,"4/21/22","Y","QR",5,"","5/5/22","Y","QR","10","","5/19/22","Y","QS",7,"possibly mild EFB; knocked down 5 swarm cells","",6,6,"0",298,0,0,110.8,110.8,"0","Normal",1,"7/1/22",1,121.4,"QR",7,NA,"",15,15,0,292,8,0,"",NA,"","QR",NA,"Amitraz EC","Synthetic"," NA",0,311,298,300,"QR QR QS QR ",0,0,0,0,1,0,2.525,1.7,0.05,4.325,121.4,55.1156
"2","22-002","Shaw","3/8/22","MOT","21-030",16,3,1,"2-Apivar",2,"","3/10/22",6,5,11,11,"0",305,2,0,"3/26/22","QR","","Y","L3",6,"4/7/22","Y","QR","","Capped",NA,"12","#VALUE!",12,"4/21/22","N","QL",7.5,"QL w em cells; youngest brd purple eye; ants","5/5/22","Y","QR","10","","5/19/22","Y","QR",9,"","",3,3,"0",362,2,0,127.6,127.6,"0","Normal",1,"7/1/22",1,149.2,"QR",16,NA,"",1,1,0,318,12,0,"",NA,"","QS",NA,"Apivar","Synthetic"," NA",0,307,364,330,"QL QR QR QS ",0,0,1,0,1,1,2.475,2.4625,0.175,6.1,149.2,67.7368
"3","22-003","Shaw","3/8/22","MOT","21-030",16,3,2,"4-Dribble18",4,"","3/10/22",NA,NA,23,23,"0",301,3,0,"3/26/22","QNS","","N",NA,NA,"4/7/22","Y","QR","","L4",7,"#VALUE!","23",23,"4/21/22","Y","QR",2.5,"","5/5/22","Y","QR","8","",NA,"Y","QR",4,"REMOVE; bad ants","",NA,NA,"#VALUE!",NA,NA,NA,95.2,95.2,"0","Normal",1,"7/1/22",1,91.6,"QS",4.5,1,"had efb now looks fine",32,32,0,369,5,0,"5/19/22",72,"Weak",NA,NA,"OA Dribble","Natural","Weak NA",0,304,NA,374,"QR QR QR NA Weak",0,1,0,0,1,1,NA,NA,NA,NA,91.6,41.5864
"4","22-004","Shaw","3/8/22","MOT","20-1",1,2,5,"4-Dribble18",4,"","3/10/22",NA,NA,0,0,"0",293,2,0,"3/26/22","QR","","Y","L1",4,"4/7/22","Y","QR","","Capped",NA,"14","#VALUE!",14,"4/21/22","Y","QR",9,"ants","5/5/22","Y","QR","15","","5/19/22","Y","QR",17,"","second super",1,1,"0",265,12,0,176.6,176.6,"0","Normal",3,"7/1/22",3,227.2,"QR",17,NA,"CDB w frass",7,7,0,362,13,0,"",NA,"","QS",NA,"OA Dribble","Natural"," NA",0,295,277,375,"QR QR QR QS ",0,0,0,0,1,0,3.937,2.4875,0.1125,10.754,203.2,92.2528
"5","22-005","Shaw","3/8/22","MOT","20-1",1,2,5,"7-HopGuard",7,"","3/10/22",NA,NA,1,1,"0",301,3,0,"3/26/22","VQS","","N",NA,NA,"4/7/22","Y","QR","","White eye",13,"#VALUE!","17",17,"4/21/22","Y","QR",6.5,"","5/5/22","Y","QS","12","","5/19/22","Y","QR",17,"","second super",1,1,"0",404,3,0,165.4,165.4,"0","Normal",3,"7/1/22",3,201.8,"QR",14,NA,"cdb w/frass",9,9,0,344,3,0,"",NA,"","QS",NA,"HopGuard","Natural"," NA",0,304,407,347,"QR QS QR QS ",0,0,0,0,1,0,6.203,2.95,0.3,8.442,177.8,80.7212
"6","22-006","Shaw","3/8/22","MOT","20-C5",7,3,2,"1-Control",1,"","3/10/22",1,5,6,6,"0",280,3,0,"3/26/22","QNS","Light, almost starving, only real light one in yard","N",NA,NA,"4/7/22","N","QL","Dud. Remove from trial",NA,NA,"#VALUE!","#VALUE!",NA,"4/21/22",NA,NA,NA,NA,NA,NA,NA,NA,"",NA,NA,NA,NA,NA,NA,NA,NA,"#VALUE!",NA,NA,NA,NA,NA,"#VALUE!",NA,NA,NA,NA,NA,NA,NA,NA,"",NA,NA,NA,NA,NA,NA,"4/7/22",30,"Failed to mate",NA,NA,"Control","Control","Failed to mate NA",0,283,NA,NA,"NA NA NA NA Failed to mate",1,0,0,0,0,1,NA,NA,NA,NA,NA,NA
"7","22-007","Shaw","3/8/22","MOT","20-C5",7,3,2,"6-ManyDribble",6,"","3/10/22",1,12,13,13,"0",281,7,0,"3/26/22","QR","","Y","L1",4,"4/7/22","Y","QR","","Capped",NA,"14","#VALUE!",14,"4/21/22","Y","QR",8,"","5/5/22","Y","QR","15","","5/19/22","N","QL",9,"was queenless or swarmed; likely a virgin in the hive; youngest brood prepupa","",32,32,"0",232,45,0,134.4,134.4,"0","Normal",1,NA,NA,NA,NA,NA,NA,"",NA,NA,NA,NA,NA,NA,"24-May",77,"QL","QL",NA,"5x OA Dribble","Natural","QL NA",0,288,277,NA,"QR QR QL QL QL",0,0,1,0,1,1,1.85,1.225,0,8.4,NA,NA
"8","22-008","Shaw","3/8/22","MOT","20-C5",7,3,2,"3-Taktic",3,"","3/10/22",NA,NA,8,8,"0",264,6,0,"3/26/22","QNS","","N",NA,NA,"4/7/22","Y","QR","","Prepupa",11,"#VALUE!","19",19,"4/21/22","Y","QR",5.5,"","5/5/22","Y","QR","12","","5/19/22","Y","QR",15,"","",1,1,"0",262,4,0,140,140,"0","Normal",2,"7/1/22",2,182.2,"QR",15,NA,"",12,12,0,328,4,0,"",NA,"","QR",NA,"Amitraz EC","Synthetic"," NA",0,270,266,332,"QR QR QR QR ",0,0,0,0,1,0,3,2.225,0.25,7.564,170.2,77.2708
"9","22-009","Shaw","3/8/22","MOT","21-016",1,3,6,"3-Taktic",3,"","3/10/22",NA,NA,1,1,"0",267,1,0,"3/26/22","QS","L4 or L5","Y","L5",8,"4/7/22","Y","QR","","Capped",NA,"10","#VALUE!",10,"4/21/22","Y","QR",9,"","5/5/22","Y","QR","15","","5/19/22","Y","QR",15,"","",2,2,"0",296,9,0,158.6,158.6,"0","Normal",2,"7/1/22",2,194.4,"QL",10,1,"no brood",6,6,0,347,10,0,"",NA,"","QR",NA,"Amitraz EC","Synthetic"," NA",0,268,305,357,"QR QR QR QR ",0,0,0,0,1,0,4.595,1.8375,0,12.3025,182.4,82.8096
"10","22-010","Shaw","3/8/22","MOT","21-016",1,3,6,"1-Control",1,"","3/10/22",NA,NA,1,1,"0",274,12,0,"3/26/22","QS","L4 or L5, took pic","Y","L5",8,"4/7/22","Y","QR","","Capped",NA,"10","#VALUE!",10,"4/21/22","Y","QR",8.5,"","5/5/22","Y","QR","14","","5/19/22","Y","QR",19,"knocked down appr 10 swarm cells","",13,13,"0",327,17,0,155,155,"0","Normal",2,"7/1/22",2,191.8,"QR",17,NA,"bald brood",51,51,0,359,1,0,"",NA,"","QR",NA,"Control","Control"," NA",0,286,344,360,"QR QR QR QR ",0,0,0,0,1,0,5.695,2.0125,0.1,10.0286,179.8,81.6292
"11","22-011","Shaw","3/8/22","MOT","21-016",1,3,6,"4-Dribble18",4,"","3/10/22",NA,NA,7,7,"0",233,2,0,"3/26/22","QS","","Y","L1",4,"4/7/22","Y","QR","","Capped",NA,"14","#VALUE!",14,"4/21/22","Y","QR",8,"","5/5/22","Y","QR","16","","5/19/22","Y","QR",15,"","second super",2,2,"0",304,7,0,180,180,"0","Normal",3,"7/1/22",3,227.6,"QR",18,NA,"very mean",9,9,0,323,12,0,"",NA,"","QS",NA,"OA Dribble","Natural"," NA",0,235,311,335,"QR QR QR QS ",0,0,0,0,1,0,5.867,2.975,0.0625,12.242,203.6,92.4344
"12","22-012","Shaw","3/8/22","MOT","21-044",5,3,3,"5-Vapor18",5,"","3/10/22",NA,NA,1,1,"0",323,0,0,"3/26/22","QR","","Y","Eggs",2,"4/7/22","Y","QR","","Capped",NA,"16","#VALUE!",16,"4/21/22","Y","QR",7.5,"","5/5/22","Y","QR","12","","5/19/22","Y","QR",12,"","",1,1,"0",282,1,0,150,150,"0","Normal",2,"7/1/22",2,192.4,"QR",14,NA,"",41,41,0,369,8,0,"",NA,"","QR",NA,"OA Vapor","Natural"," NA",0,323,283,377,"QR QR QR QR ",0,0,0,0,1,0,5.342,2.4125,0.025,9.0345,180.4,81.9016
"13","22-013","Shaw","3/8/22","MOT","21-044",5,3,3,"6-ManyDribble",6,"","3/10/22",NA,NA,4,4,"0",341,0,0,"3/26/22","QR","","Y","Eggs",2,"4/7/22","Y","QS","","Capped",NA,"16","#VALUE!",16,"4/21/22","Y","QR",7,"","5/5/22","Y","QR","14","","5/19/22","Y","QR",11,"","",6,6,"0",363,5,0,164.4,164.4,"0","Normal",1,"7/1/22",1,189.2,"QR",14,NA,"very mean plugges",22,22,0,337,14,0,"",NA,"","QR",NA,"5x OA Dribble","Natural"," NA",0,341,368,351,"QR QR QR QR ",0,0,0,0,1,0,2.725,2.325,0.05,10.2,189.2,85.8968
"14","22-014","Shaw","3/8/22","MOT","21-044",5,3,3,"2-Apivar",2,"","3/10/22",NA,NA,4,4,"0",328,1,0,"3/26/22","QS","","Y","L2",5,"4/7/22","Y","QR","","Capped",NA,"13","#VALUE!",13,"4/21/22","Y","QR",8,"","5/5/22","Y","QR","13","","5/19/22","Y","QR",12,"mild EFB","",3,3,"0",329,1,0,149.4,149.4,"0","Normal",1,NA,NA,NA,NA,NA,NA,"",NA,NA,NA,NA,NA,NA,"5/24/22",77,"EFB","QR","Observed","Apivar","Synthetic","EFB Observed",1,329,330,NA,"QR QR QR QR EFB",0,0,0,0,1,1,2.975,2.125,0,9,NA,NA
"15","22-015","Shaw","3/8/22","MOT","21-018",5,4,3,"3-Taktic",3,"","3/10/22",NA,NA,8,8,"0",284,0,0,"3/26/22","VQS","","N",NA,NA,"4/7/22","N","QL","Dud. Remove from trial",NA,NA,"#VALUE!","#VALUE!",NA,"4/21/22",NA,NA,NA,NA,NA,NA,NA,NA,"",NA,NA,NA,NA,NA,NA,NA,NA,"#VALUE!",NA,NA,NA,NA,NA,"#VALUE!",NA,NA,NA,NA,NA,NA,NA,NA,"",NA,NA,NA,NA,NA,NA,"4/7/22",30,"Failed to mate",NA,NA,"Amitraz EC","Synthetic","Failed to mate NA",0,284,NA,NA,"NA NA NA NA Failed to mate",1,0,0,0,0,1,NA,NA,NA,NA,NA,NA
"16","22-016","Shaw","3/8/22","MOT","21-018",5,4,3,"4-Dribble18",4,"","3/10/22",NA,NA,10,10,"0",298,1,0,"3/26/22","QNS","","N",NA,NA,"4/7/22","Y","QR","","L5",8,"#VALUE!","22",22,"4/21/22","Y","QR",3,"small, building, moving into 2nd","5/5/22","Y","QR","9","","5/19/22","Y","QR",8,"","",12,12,"0",413,1,0,117.6,117.6,"0","Normal",1,"7/1/22",1,129.8,"QR",7,NA,"cdb w frass",29,29,0,364,2,0,"",NA,"","QS",NA,"OA Dribble","Natural"," NA",0,299,414,366,"QR QR QR QS ",0,0,0,0,1,0,2.7,2.0125,0,4.9,129.8,58.9292
"17","22-017","Shaw","3/8/22","MOT","21-018",5,4,3,"7-HopGuard",7,"","3/10/22",NA,NA,9,9,"0",280,24,0,"3/26/22","QR","","Y","L3",6,"4/7/22","Y","QS","","Capped",NA,"12","#VALUE!",12,"4/21/22","Y","QR",7,"ants","5/5/22","Y","QR","13","","5/19/22","Y","QR",16,"","",1,1,"0",271,2,0,156.4,156.4,"0","Normal",2,"7/1/22",2,190,"QR",18,NA,"cdb w mite mean",5,5,0,316,7,0,"",NA,"","QS",NA,"HopGuard","Natural"," NA",0,304,273,323,"QR QR QR QS ",0,0,0,0,1,0,3.166,2.325,0.0375,9.265,178,80.812
"18","22-018","Shaw","3/8/22","MOT","21-018",5,4,3,"1-Control",1,"","3/10/22",NA,NA,3,3,"0",309,6,0,"3/26/22","VQS","","N",NA,NA,"4/7/22","Y","QS","","Prepupa",11,"#VALUE!","19",19,"4/21/22","Y","QR",4.5,"","5/5/22","Y","QR","11","","5/19/22","Y","QR",7,"","",8,8,"0",390,0,0,112.4,112.4,"0","Normal",1,"7/1/22",1,130,"QR",8,NA,"cdb w/ mite",30,30,0,362,7,0,"",NA,"","QS",NA,"Control","Control"," NA",0,315,390,369,"QR QR QR QS ",0,0,0,0,1,0,3.2,2.125,0,3.7375,130,59.02
"19","22-019","Shaw","3/8/22","MOT","20-18",3,3,5,"3-Taktic",3,"","3/10/22",NA,NA,3,3,"0",286,4,0,"3/26/22","VQS","10 emerged natural queen cells, saw VQ emerging, 1 still sealed","N",NA,NA,"4/7/22","Y","QR","3 FOB","L3",6,"#VALUE!","24",24,"4/21/22","Y","QR",4,"ants","5/5/22","Y","QR","7","","5/19/22","Y","QR",6,"","",0,0,"0",300,0,0,113.2,113.2,"0","Normal",1,"7/1/22",1,142.2,"QR",17,NA,"dwv",4,4,0,391,2,0,"",NA,"","QR",NA,"Amitraz EC","Synthetic"," NA",0,290,300,393,"QR QR QR QR ",0,0,0,0,1,0,2.275,2.075,0.025,4.025,142.2,64.5588
"20","22-020","Shaw","3/8/22","MOT","20-18",3,3,5,"5-Vapor18",5,"","3/10/22",NA,NA,3,3,"0",314,1,0,"3/26/22","QS","","Y","L5",8,"4/7/22","Y","QR","","Capped",NA,"10","#VALUE!",10,"4/21/22","Y","QR",9.5,"","5/5/22","Y","QR","15","","5/19/22","Y","QR",13,"","",24,24,"0",310,2,0,175.6,175.6,"0","Normal",2,"7/1/22",2,163.6,"QR",12,NA,"cdb dwv ants",157,157,0,332,1,0,"",NA,"","QS",NA,"OA Vapor","Natural"," NA",0,315,312,333,"QR QR QR QS ",0,0,0,0,1,0,3.0956,0.975,0.05,11.845,151.6,68.8264
"21","22-021","Shaw","3/8/22","MOT","20-18",3,3,5,"2-Apivar",2,"","3/10/22",NA,NA,3,3,"0",284,9,0,"3/26/22","QNS","","N",NA,NA,"4/7/22","Y","QS","","L2",5,"#VALUE!","25",25,"4/21/22","Y","QR",7,"","5/5/22","Y","QR","11","","5/19/22","Y","QR",7,"","",5,5,"0",310,23,0,120.4,120.4,"0","Normal",1,"7/1/22",1,139,"QR",14,NA,"very gentle",4,4,0,366,10,0,"",NA,"","QS",NA,"Apivar","Synthetic"," NA",0,293,333,376,"QR QR QR QS ",0,0,0,0,1,0,2.6475,1.175,0.25,4.775,139,63.106
"22","22-022","Shaw","3/8/22","MOT","21-008",3,2,5,"6-ManyDribble",6,"","3/10/22",NA,NA,0,0,"0",337,1,0,"3/26/22","QNS","","N",NA,NA,"4/7/22","Y","QS","","Prepupa",11,"#VALUE!","19",19,"4/21/22","Y","QR",6,"","5/5/22","Y","QR","10","","5/19/22","Y","QR",14,"","",1,1,"0",336,1,0,132.2,132.2,"0","Normal",1,"7/1/22",1,157.8,"QL",16,1,"emergency cells plugged",20,20,0,340,1,0,"",NA,"","QR",NA,"5x OA Dribble","Natural"," NA",0,338,337,341,"QR QR QR QR ",0,0,0,0,1,0,4.075,1.6125,0,5.8775,157.8,71.6412
"23","22-023","Shaw","3/8/22","MOT","21-008",3,2,5,"1-Control",1,"","3/10/22",NA,NA,1,1,"0",269,2,0,"3/26/22","QS","","Y","L5",8,"4/7/22","Y","QR","","Capped",NA,"10","#VALUE!",10,"4/21/22","Y","QR",8,"mod EFB",NA,NA,NA,NA,"",NA,NA,NA,NA,NA,NA,NA,NA,"#VALUE!",NA,NA,NA,NA,NA,"#VALUE!",NA,NA,NA,NA,NA,NA,NA,NA,"",NA,NA,NA,NA,NA,NA,"4/21/22",44,"EFB",NA,NA,"Control","Control","EFB NA",1,271,NA,NA,"QR NA NA NA EFB",0,0,0,0,1,1,NA,NA,NA,NA,NA,NA
"24","22-024","Shaw","3/8/22","MOT","21-001",1,2,6,"2-Apivar",2,"","3/10/22",NA,NA,1,1,"0",288,0,0,"3/26/22","QS","","Y","Eggs",2,"4/7/22","Y","QS","","Capped",NA,"16","#VALUE!",16,"4/21/22","Y","QR",8,"mild EFB",NA,NA,NA,NA,"",NA,NA,NA,NA,NA,NA,NA,NA,"#VALUE!",NA,NA,NA,NA,NA,"#VALUE!",NA,NA,NA,NA,NA,NA,NA,NA,"",NA,NA,NA,NA,NA,NA,"4/21/22",44,"EFB",NA,NA,"Apivar","Synthetic","EFB NA",1,288,NA,NA,"QR NA NA NA EFB",0,0,0,0,1,1,NA,NA,NA,NA,NA,NA
"25","22-025","Shaw","3/8/22","MOT","21-001",1,2,6,"5-Vapor18",5,"","3/10/22",NA,NA,0,0,"0",287,0,0,"3/26/22","QS","","Y","L4",7,"4/7/22","Y","QR","","Capped",NA,"11","#VALUE!",11,"4/21/22","Y","QR",6.5,"mod EFB",NA,NA,NA,NA,"",NA,NA,NA,NA,NA,NA,NA,NA,"#VALUE!",NA,NA,NA,NA,NA,"#VALUE!",NA,NA,NA,NA,NA,NA,NA,NA,"",NA,NA,NA,NA,NA,NA,"4/21/22",44,"EFB",NA,NA,"OA Vapor","Natural","EFB NA",1,287,NA,NA,"QR NA NA NA EFB",0,0,0,0,1,1,NA,NA,NA,NA,NA,NA
"26","22-026","Shaw","3/8/22","MOT","20-69",24,5,1,"4-Dribble18",4,"","3/10/22",9,5,14,14,"0",261,8,0,"3/26/22","QNS","stung q cells","N",NA,NA,"4/7/22","Y","QR","","Prepupa",11,"#VALUE!","19",19,"4/21/22","Y","QR",5.5,"ants","5/5/22","Y","QR","8","","5/19/22","Y","QR",4.5,"","",32,32,"0",311,3,0,106,106,"0","Normal",1,NA,NA,NA,NA,NA,NA,"",NA,NA,NA,NA,NA,NA,"5/24/22",77,"EFB","QR","Observed","OA Dribble","Natural","EFB Observed",1,269,314,NA,"QR QR QR QR EFB",0,0,0,0,1,1,1.5,1.525,0,2.5,NA,NA
"27","22-027","Shaw","3/8/22","MOT","20-69",24,5,1,"1-Control",1,"","3/10/22",8,4,12,12,"0",314,2,0,"3/26/22","QS","q maybe flew","Y","L1",4,"4/7/22","Y","QR","","Capped",NA,"14","#VALUE!",14,"4/21/22","Y","QR",5.5,"","5/5/22","Y","QR","10","","5/19/22","Y","QR",6,"","",35,35,"0",319,1,0,97.8,97.8,"0","Normal",1,"7/1/22",1,93.8,"QR",4,NA,"Dying w mites. mite bomb",135,135,0,388,0,0,"",NA,"","QS",NA,"Control","Control"," NA",0,316,320,388,"QR QR QR QS ",0,0,0,0,1,0,1.85,1.65,0.05,2.4,93.8,42.5852
"28","22-028","Shaw","3/8/22","MOT","20-69",24,5,1,"5-Vapor18",5,"","3/10/22",NA,NA,8,8,"0",282,9,0,"3/26/22","QNS","","N",NA,NA,"4/7/22","N","QL","Dud. Remove from trial",NA,NA,"#VALUE!","#VALUE!",NA,"4/21/22",NA,NA,NA,NA,NA,NA,NA,NA,"",NA,NA,NA,NA,NA,NA,NA,NA,"#VALUE!",NA,NA,NA,NA,NA,"#VALUE!",NA,NA,NA,NA,NA,NA,NA,NA,"",NA,NA,NA,NA,NA,NA,"4/7/22",30,"Failed to mate",NA,NA,"OA Vapor","Natural","Failed to mate NA",0,291,NA,NA,"NA NA NA NA Failed to mate",1,0,0,0,0,1,NA,NA,NA,NA,NA,NA
"29","22-029","Shaw","3/8/22","MOT","20-69",24,5,1,"7-HopGuard",7,"","3/10/22",NA,NA,8,8,"0",284,11,0,"3/26/22","VQS","ants","N",NA,NA,"4/7/22","N","QL","Dud. Beginning of laying worker. Remove from trial",NA,NA,"#VALUE!","#VALUE!",NA,"4/21/22",NA,NA,NA,NA,NA,NA,NA,NA,"",NA,NA,NA,NA,NA,NA,NA,NA,"#VALUE!",NA,NA,NA,NA,NA,"#VALUE!",NA,NA,NA,NA,NA,NA,NA,NA,"",NA,NA,NA,NA,NA,NA,"4/7/22",30,"Failed to mate",NA,NA,"HopGuard","Natural","Failed to mate NA",0,295,NA,NA,"NA NA NA NA Failed to mate",1,0,0,0,0,1,NA,NA,NA,NA,NA,NA
"30","22-030","Shaw","3/8/22","MOT","20-69",24,5,1,"6-ManyDribble",6,"","3/10/22",NA,NA,3,3,"0",270,17,0,"3/26/22","QR","","Y","L5",8,"4/7/22","Y","QR","","Capped",NA,"10","#VALUE!",10,"4/21/22","Y","QR",3.5,"bad ants; 3/4 feeder remaining","5/5/22","Y","QR","6","LOT SOF ANTS","5/19/22","Y","QR",3.5,"lots of ants","",2,2,"0",349,2,0,93.8,93.8,"0","Normal",1,"7/1/22",1,94.6,"QS",5,NA,"poor pattern",6,6,0,385,0,0,"",NA,"","QS",NA,"5x OA Dribble","Natural"," NA",0,287,351,385,"QR QR QR QS ",0,0,0,0,1,0,1.925,1.225,0,1.775,94.6,42.9484
"31","22-031","Shaw","3/8/22","MOT","21-026",4,2,4,"6-ManyDribble",6,"","3/10/22",NA,NA,2,2,"0",258,11,0,"3/26/22","QNS","","N",NA,NA,"4/7/22","Y","QR","","L5",8,"#VALUE!","22",22,"4/21/22","Y","QR",9.5,"","5/5/22","Y","QR","14","","5/19/22","Y","QS",18,"","second super",2,2,"0",298,15,0,188.8,188.8,"0","Normal",3,"7/1/22",3,254.6,"QR",18,NA,"",5,5,0,389,2,0,"",NA,"","QS",NA,"5x OA Dribble","Natural"," NA",0,269,313,391,"QR QR QS QS ",0,0,0,0,1,0,5.752,3.05,0.1875,12.446,230.6,104.6924
"32","22-032","Shaw","3/8/22","MOT","21-026",4,2,4,"3-Taktic",3,"","3/10/22",NA,NA,1,1,"0",251,14,0,"3/26/22","QNS","","N",NA,NA,"4/7/22","Y","QS","","L4",7,"#VALUE!","23",23,"4/21/22","Y","QR",4,"bad ants; 3/4 feeder remaining","5/5/22","Y","QR","10.5","","5/19/22","Y","QR",8,"","",1,1,"0",364,6,0,129.4,129.4,"0","Normal",2,"7/1/22",1,171,"QR",14,NA,"",4,4,0,416,3,0,"",NA,"","QS",NA,"Amitraz EC","Synthetic"," NA",0,265,370,419,"QR QR QR QS ",0,0,0,0,1,0,3.65,3.025,0.075,5.625,171,77.634
"33","22-033","Shaw","3/8/22","MOT","21-022",1,2,6,"7-HopGuard",7,"","3/10/22",NA,NA,0,0,"0",298,1,0,"3/26/22","QNS","","N",NA,NA,"4/7/22","Y","QS","Weak 1.5 FOB. Unlikely to thrive, doubled and fed anyway","L5",8,"#VALUE!","22",22,"4/21/22","Y","QR",3,"ants","5/5/22","Y","QR","7","","5/19/22","Y","QR",5.5,"","",0,0,"0",365,3,0,114.6,114.6,"0","Normal",1,"7/1/22",1,143.8,"QR",13,NA,"",1,1,0,469,2,0,"",NA,"","QR",NA,"HopGuard","Natural"," NA",0,299,368,471,"QR QR QR QR ",0,0,0,0,1,0,2.0375,2.0125,0,4.425,143.8,65.2852
"34","22-034","Shaw","3/8/22","MOT","21-022",1,2,6,"6-ManyDribble",6,"","3/10/22",NA,NA,2,2,"0",291,5,0,"3/26/22","QR","","Y","Eggs",2,"4/7/22","Y","QR","","Capped",NA,"16","#VALUE!",16,"4/21/22","Y","QR",8.5,"","5/5/22","Y","QR","14","","5/19/22","Y","QR",16,"","",2,2,"0",344,19,0,157.6,157.6,"0","Normal",2,"7/1/22",2,191,"QR",15,NA,"plugged",5,5,0,236,1,0,"",NA,"","QS",NA,"5x OA Dribble","Natural"," NA",0,296,363,237,"QR QR QR QS ",0,0,0,0,1,0,NA,NA,NA,NA,179,81.266
"35","22-035","Shaw","3/8/22","MOT","20-71",4,2,4,"7-HopGuard",7,"","3/10/22",NA,NA,8,8,"0",281,2,0,"3/26/22","QS","","Y","L4",7,"4/7/22","Y","QR","","Capped",NA,"11","#VALUE!",11,"4/21/22","Y","QR",10.5,"","5/5/22","Y","QR","12","","5/19/22","N","QL",13,"knocked down several swarm cells; left one; youngest brood prepupa","",15,15,"0",370,6,0,134.6,134.6,"0","Normal",1,NA,NA,NA,NA,NA,NA,"",NA,NA,NA,NA,NA,NA,"5/24/22",77,"VQS","VS",NA,"HopGuard","Natural","VQS NA",0,283,376,NA,"QR QR QL VS VQS",0,0,1,0,1,1,3.575,0.7375,0.0375,7.8375,NA,NA
"36","22-036","Shaw","3/8/22","MOT","20-71",4,2,4,"4-Dribble18",4,"","3/10/22",NA,NA,5,5,"0",289,5,0,"3/26/22","QR","","Y","Eggs",2,"4/7/22","Y","QS","","Capped",NA,"16","#VALUE!",16,"4/21/22","Y","QR",9,"","5/5/22","Y","QS","12","","5/19/22","Y","QR",5,"knocked down many swarm cells; looks like not yet swarmed; many ants","",23,23,"0",304,13,0,133.4,133.4,"0","Normal",1,NA,NA,NA,NA,NA,NA,"",NA,NA,NA,NA,NA,NA,"5/24/22",77,"QL and decimated by ants","QL",NA,"OA Dribble","Natural","QL and decimated by ants NA",0,294,317,NA,"QR QS QR QL QL and decimated by ants",0,0,1,0,1,1,1.7375,1.475,0.075,10.81,NA,NA
"37","22-037","Shaw","3/8/22","S6","21-228",4,3,4,"5-Vapor18",5,"","3/10/22",NA,NA,5,5,"0",234,24,0,"3/26/22","QNS","lots of old sealed brood (picture)","N",NA,NA,"4/7/22","Y","QR","","Prepupa",11,"#VALUE!","19",19,"4/21/22","Y","QR",7.5,"","5/5/22","Y","QR","12","","5/19/22","Y","QR",14,"","",8,8,"0",347,0,0,142.6,142.6,"0","Normal",1,"7/1/22",1,163,"QR",13,NA,"plugged",4,4,0,287,2,0,"",NA,"","QS",NA,"OA Vapor","Natural"," NA",0,258,347,289,"QR QR QR QS ",0,0,0,0,1,0,3.65,2.0625,0,8.4,163,74.002
"38","22-038","Shaw","3/8/22","S6","21-228",4,3,4,"1-Control",1,"","3/10/22",NA,NA,3,3,"0",285,14,0,"3/26/22","QNS","","N",NA,NA,"4/7/22","Y","QR","","L2",5,"#VALUE!","25",25,"4/21/22","Y","DL",4,"bad ants; 3/4 feeder remaining; bad drone layer",NA,NA,NA,NA,"",NA,NA,NA,NA,NA,NA,NA,NA,"#VALUE!",NA,NA,NA,NA,NA,"#VALUE!",NA,NA,NA,NA,NA,NA,NA,NA,"",NA,NA,NA,NA,NA,NA,"4/21/22",44,"DL",NA,NA,"Control","Control","DL NA",0,299,NA,NA,"DL NA NA NA DL",1,0,0,0,0,1,NA,NA,NA,NA,NA,NA
"39","22-039","Shaw","3/8/22","S6","21-228",4,3,4,"2-Apivar",2,"","3/10/22",NA,NA,2,2,"0",272,16,0,"3/26/22","QNS","1 emerged natural q cell","N",NA,NA,"4/7/22","Y","QR","","L3",6,"#VALUE!","24",24,"4/21/22","Y","DL",4,"bad drone layer",NA,NA,NA,NA,"",NA,NA,NA,NA,NA,NA,NA,NA,"#VALUE!",NA,NA,NA,NA,NA,"#VALUE!",NA,NA,NA,NA,NA,NA,NA,NA,"",NA,NA,NA,NA,NA,NA,"4/21/22",44,"DL",NA,NA,"Apivar","Synthetic","DL NA",0,288,NA,NA,"DL NA NA NA DL",1,0,0,0,0,1,NA,NA,NA,NA,NA,NA
"40","22-040","Shaw","3/8/22","S6","21-224",16,3,2,"2-Apivar",2,"","3/10/22",10,10,20,20,"0",274,4,0,"3/26/22","QR","","Y","L4",7,"4/7/22","Y","QR","","Capped",NA,"11","#VALUE!",11,"4/21/22","Y","QR",8,"ants","5/5/22","Y","QR","11.5","","5/19/22","Y","QR",12,"knocked down one swarm cell; does not appear to have swarmed yet","",19,19,"0",388,6,0,134.6,134.6,"0","Normal",1,"7/1/22",1,146.4,"QR",10,NA,"plugged",35,35,0,453,0,0,"",NA,"","QS",NA,"Apivar","Synthetic"," NA",0,278,394,453,"QR QR QR QS ",0,0,0,0,1,0,2.7,2.05,0,7.775,146.4,66.4656
"41","22-041","Shaw","3/8/22","S6","21-224",16,3,2,"5-Vapor18",5,"","3/10/22",5,14,19,19,"0",294,4,0,"3/26/22","QNS","Weak 2.5fob","N",NA,NA,"4/7/22","N","QNS","Dud. Remove from trial",NA,NA,"#VALUE!","#VALUE!",NA,"4/21/22",NA,NA,NA,NA,NA,NA,NA,NA,"",NA,NA,NA,NA,NA,NA,NA,NA,"#VALUE!",NA,NA,NA,NA,NA,"#VALUE!",NA,NA,NA,NA,NA,NA,NA,NA,"",NA,NA,NA,NA,NA,NA,"4/7/22",30,"Failed to mate",NA,NA,"OA Vapor","Natural","Failed to mate NA",0,298,NA,NA,"NA NA NA NA Failed to mate",1,0,0,0,0,1,NA,NA,NA,NA,NA,NA
"42","22-042","Shaw","3/8/22","S6","21-224",16,3,2,"7-HopGuard",7,"","3/10/22",NA,NA,24,24,"0",282,1,0,"3/26/22","QS","","Y","L1",4,"4/7/22","Y","QR","","Capped",NA,"14","#VALUE!",14,"4/21/22","Y","QR",8.5,"","5/5/22","Y","QR","12.5","","5/19/22","Y","QR",16,"","second super",2,2,"0",276,9,0,163.8,163.8,"0","Normal",2,"7/1/22",2,203.4,"QR",16,NA,"shb",5,5,0,366,3,0,"",NA,"","QR",NA,"HopGuard","Natural"," NA",0,283,285,369,"QR QR QR QR ",0,0,0,0,1,0,4.281,2.475,0.025,9.871,191.4,86.8956
"43","22-043","Wire","3/15/22","S6","21-229",3,3,1,"6-ManyDribble",6,"","3/17/22",4,0,4,4,"0",277,19,0,"4/2/22","QS","","Y","Eggs",2,"4/14/22","Y","QR","","Capped",NA,"16","#VALUE!",16,"4/28/22","Y","QR",8.5,"","5/12/22","Y","QR","14","","5/26/22","Y","QR",12.5,"","",4,4,"0",353,8,0,129.2,129.2,"0","Four",3,"6/30/22",3,228.4,"QR",14,NA,"",5,5,0,340,7,0,"",NA,"","QS",NA,"5x OA Dribble","Natural"," NA",0,296,361,347,"QR QR QR QS ",0,0,0,0,1,0,3.964,3.025,0.125,7.154,204.4,92.7976
"44","22-044","Wire","3/15/22","S6","21-229",3,3,2,"4-Dribble18",4,"","3/17/22",1,0,1,1,"0",271,17,0,"4/2/22","VQS","Virgin & emerged cells","N",NA,NA,"4/14/22","Y","QS","","Eggs",2,"#VALUE!","28",28,"4/28/22","Y","QR",4,"","5/12/22","Y","QR","5","open pupil cells uncapped","5/26/22","Y","QR",8,"","",1,1,"0",407,0,0,97.2,97.2,"0","Normal",1,"6/30/22",1,150,"QR",11,NA,"plugged small nest old bees",0,0,0,283,7,0,"",NA,"","QR",NA,"OA Dribble","Natural"," NA",0,288,407,290,"QR QR QR QR ",0,0,0,0,1,0,2.675,2.2625,0,2.8,150,68.1
"45","22-045","Wire","3/15/22","S6","21-229",3,3,2,"7-HopGuard",7,"","3/17/22",4,0,4,4,"0",299,2,0,"4/2/22","QNS","","N",NA,NA,"4/14/22","Y","QR","","Prepupa",11,"#VALUE!","19",19,"4/28/22","Y","QR",3,"","5/12/22","Y","QR","6","shotgun brood; uncapped pupil cells","5/26/22","Y","QS",5,"Mod EFB; leave in","",1,1,"0",290,0,0,95,95,"0","Normal",1,NA,NA,NA,NA,NA,NA,"",NA,NA,NA,NA,NA,NA,"5/31/22",77,"EFB","QR",NA,"HopGuard","Natural","EFB NA",1,301,290,NA,"QR QR QS QR EFB",0,0,0,0,1,1,1.45,0.825,0,3.65,NA,NA
"46","22-046","Wire","3/15/22","S6","21-226",1,3,4,"1-Control",1,"","3/17/22",NA,NA,0,0,"0",322,2,0,"4/2/22","QS","","Y","Eggs",2,"4/14/22","Y","QR","","Capped",NA,"16","#VALUE!",16,"4/28/22","Y","QR",12,"","5/12/22","Y","QR","18","need super","5/26/22","Y","QR",17,"Pissy!","",6,6,"0",283,15,0,145,145,"0","Normal",2,"6/30/22",2,183.4,"QNS",13,1,"QL youngest brood purple eyed",44,44,0,270,2,0,"",NA,"","QS",NA,"Control","Control"," NA",0,324,298,272,"QR QR QR QS ",0,0,0,0,1,0,9.732,2.625,0.2625,9.216,171.4,77.8156
"47","22-047","Wire","3/15/22","S6","21-226",1,3,4,"7-HopGuard",7,"","3/17/22",NA,NA,0,0,"0",335,0,0,"4/2/22","VQS","","N",NA,NA,"4/14/22","Y","QS","","Prepupa",11,"#VALUE!","19",19,"4/28/22","Y","QR",6,"","5/12/22","Y","QR","13","","5/26/22","Y","QR",12,"","",1,1,"0",355,6,0,132.6,132.6,"0","Normal",1,"6/30/22",1,152.2,"QL",9,1,"youngest is capped",12,12,0,237,21,0,"",NA,"","QS",NA,"HopGuard","Natural"," NA",0,335,361,258,"QR QR QR QS ",0,0,0,0,1,0,5.747,2.4,0.5125,6.66,152.2,69.0988
"48","22-048","Wire","3/15/22","S6","21-226",1,3,4,"4-Dribble18",4,"","3/17/22",NA,NA,0,0,"0",317,1,0,"4/2/22","QS","","Y","L1",4,"4/14/22","Y","QR","","Capped",NA,"14","#VALUE!",14,"4/28/22","Y","QS",8,"","5/12/22","Y","QR","17","needs super; prov QC","5/26/22","Y","QR",17,"","",0,0,"0",340,3,0,143.2,143.2,"0","Normal",1,"6/30/22",1,169.8,"QNS",14,1,"youngest brood is l3",5,5,0,335,1,0,"",NA,"","QR",NA,"OA Dribble","Natural"," NA",0,318,343,336,"QS QR QR QR ",0,0,0,0,1,0,8.8802,2.825,0.125,7.548,169.8,77.0892
"49","22-049","Wire","3/15/22","S6","21-216",1,3,3,"7-HopGuard",7,"","3/17/22",NA,NA,13,13,"0",284,58,0,"4/2/22","VQS","","N",NA,NA,"4/14/22","Y","QR","","Prepupa",11,"#VALUE!","19",19,"4/28/22","Y","QR",3.5,"","5/12/22","Y","QR","8","","5/26/22","Y","QR",9,"","",4,4,"0",288,5,0,106.4,106.4,"0","Four",2,"6/30/22",2,175.6,"QR",18,NA,"",4,4,0,248,5,0,"",NA,"","QR",NA,"HopGuard","Natural"," NA",0,342,293,253,"QR QR QR QR ",0,0,0,0,1,0,4.2435,2.475,0.1875,2.675,163.6,74.2744
"50","22-050","Wire","3/15/22","S6","21-216",1,3,4,"2-Apivar",2,"","3/17/22",NA,NA,3,3,"0",304,24,0,"4/2/22","QNS","Small, 1.5 FOB","N",NA,NA,"4/14/22","Y","QS","Weak 2 FoB","L5",8,"#VALUE!","22",22,"4/28/22","Y","QS",2,"REMOVE; too weak",NA,NA,NA,NA,NA,NA,NA,NA,NA,NA,NA,NA,NA,"#VALUE!",NA,NA,NA,NA,NA,"#VALUE!",NA,NA,NA,NA,NA,NA,NA,NA,"",NA,NA,NA,NA,NA,NA,"4/28/22",44,"Weak",NA,NA,"Apivar","Synthetic","Weak NA",0,328,NA,NA,"QS NA NA NA Weak",0,1,0,0,1,1,NA,NA,NA,NA,NA,NA
"51","22-051","Wire","3/15/22","S6","21-216",1,3,4,"3-Taktic",3,"","3/17/22",NA,NA,2,2,"0",225,11,0,"4/2/22","QNS","","N",NA,NA,"4/14/22","Y","QS","Weak 2FoB","L1",4,"#VALUE!","26",26,"4/28/22","Y","QS",3,"REMOVE; becoming DL; possibly also EFB",NA,NA,NA,NA,NA,NA,NA,NA,NA,NA,NA,NA,NA,"#VALUE!",NA,NA,NA,NA,NA,"#VALUE!",NA,NA,NA,NA,NA,NA,NA,NA,"",NA,NA,NA,NA,NA,NA,"4/28/22",44,"DL",NA,NA,"Amitraz EC","Synthetic","DL NA",0,236,NA,NA,"QS NA NA NA DL",0,0,0,1,1,1,NA,NA,NA,NA,NA,NA
"52","22-052","Wire","3/15/22","S6","21-215",2,2,2,"3-Taktic",3,"","3/17/22",NA,NA,3,3,"0",338,28,0,"4/2/22","QNS","","N",NA,NA,"4/14/22","Y","QR","","Eggs",2,"#VALUE!","28",28,"4/28/22","N","DL",3,"REMOVE",NA,NA,NA,NA,NA,NA,NA,NA,NA,NA,NA,NA,NA,"#VALUE!",NA,NA,NA,NA,NA,"#VALUE!",NA,NA,NA,NA,NA,NA,NA,NA,"",NA,NA,NA,NA,NA,NA,"4/28/22",44,"DL",NA,NA,"Amitraz EC","Synthetic","DL NA",0,366,NA,NA,"DL NA NA NA DL",1,0,0,0,0,1,NA,NA,NA,NA,NA,NA
"53","22-053","Wire","3/15/22","S6","21-215",2,2,2,"1-Control",1,"","3/17/22",NA,NA,1,1,"0",252,18,0,"4/2/22","QS","","Y","Eggs",2,"4/14/22","Y","QR","","Capped",NA,"16","#VALUE!",16,"4/28/22","Y","QR",10,"","5/12/22","Y","QR","14","","5/26/22","Y","QR",14,"","",3,3,"0",332,2,0,132.6,132.6,"0","Normal",1,"6/30/22",1,162.4,"QL",17,1,"no signs of queen cells",19,19,0,341,3,0,"",NA,"","QR",NA,"Control","Control"," NA",0,270,334,344,"QR QR QR QR ",0,0,0,0,1,0,4.356,3.25,0.2125,5.931,162.4,73.7296
"54","22-054","Wire","3/15/22","S6","21-211",0,4,5,"6-ManyDribble",6,"","3/17/22",NA,NA,2,2,"0",248,35,0,"4/2/22","QS","","Y","L1",4,"4/14/22","Y","QR","","Capped",NA,"14","#VALUE!",14,"4/28/22","Y","QR",6.5,"","5/12/22","Y","QR","8","","5/26/22","Y","QR",9.5,"","",2,2,"0",330,5,0,126,126,"0","Normal",1,"6/30/22",1,161.8,"QL",15,1,"several capped cells emergency and swarm type",11,11,0,283,10,0,"",NA,"","QR",NA,"5x OA Dribble","Natural"," NA",0,283,335,293,"QR QR QR QR ",0,0,0,0,1,0,3.2,1.325,0.3625,7.325,161.8,73.4572
"55","22-055","Wire","3/15/22","S6","21-211",0,4,5,"3-Taktic",3,"","3/17/22",NA,NA,1,1,"0",286,13,0,"4/2/22","QNS","","N",NA,NA,"4/14/22","Y","QR","","L2",5,"#VALUE!","25",25,"4/28/22","Y","DL",4,"REMOVE; lots of ants",NA,NA,NA,NA,NA,NA,NA,NA,NA,NA,NA,NA,NA,"#VALUE!",NA,NA,NA,NA,NA,"#VALUE!",NA,NA,NA,NA,NA,NA,NA,NA,"",NA,NA,NA,NA,NA,NA,"4/28/22",44,"DL",NA,NA,"Amitraz EC","Synthetic","DL NA",0,299,NA,NA,"DL NA NA NA DL",1,0,0,0,0,1,NA,NA,NA,NA,NA,NA
"56","22-056","Wire","3/15/22","S6","21-211",0,4,5,"1-Control",1,"","3/17/22",NA,NA,0,0,"0",287,7,0,"4/2/22","QR","","Y","L1",4,"4/14/22","Y","QR","","Capped",NA,"14","#VALUE!",14,"4/28/22","Y","QR",12.5,"","5/12/22","Y","QR","16","needs super","5/26/22","Y","QR",15,"","",4,4,"0",338,2,0,138.4,138.4,"0","Four",3,"6/30/22",3,240.2,"QR",18,NA,"",4,4,0,337,1,0,"",NA,"","QR",NA,"Control","Control"," NA",0,294,340,338,"QR QR QR QR ",0,0,0,0,1,0,7.092,3.0625,0.0875,9.27,216.2,98.1548
"57","22-057","Wire","3/15/22","S6","21-211",0,4,5,"2-Apivar",2,"","3/17/22",NA,NA,0,0,"0",297,15,0,"4/2/22","QR","Ants","Y","Eggs",2,"4/14/22","Y","QR","","Capped",NA,"16","#VALUE!",16,"4/28/22","Y","QR",8,"","5/12/22","Y","QR","16","needs super","5/26/22","Y","QR",16,"","",2,2,"0",359,3,0,134.8,134.8,"0","Normal",2,"6/30/22",2,159.8,"VQS",13,1,"sealed drone brood",9,9,0,244,2,0,"",NA,"","QR",NA,"Apivar","Synthetic"," NA",0,312,362,246,"QR QR QR QR ",0,0,0,0,1,0,6.475,3.8625,0.375,6.025,147.8,67.1012
"58","22-058","Wire","3/15/22","S6","21-210",1,3,3,"4-Dribble18",4,"","3/17/22",NA,NA,0,0,"0",334,6,0,"4/2/22","VQS","ants","N",NA,NA,"4/14/22","Y","QS","Weak 2 FoB","L5",8,"#VALUE!","22",22,"4/28/22","Y","QR",2,"REMOVE; weak",NA,NA,NA,NA,NA,NA,NA,NA,NA,NA,NA,NA,NA,"#VALUE!",NA,NA,NA,NA,NA,"#VALUE!",NA,NA,NA,NA,NA,NA,NA,NA,"",NA,NA,NA,NA,NA,NA,"4/28/22",44,"Weak",NA,NA,"OA Dribble","Natural","Weak NA",0,340,NA,NA,"QR NA NA NA Weak",0,1,0,0,1,1,NA,NA,NA,NA,NA,NA
"59","22-059","Wire","3/15/22","S6","21-210",1,3,3,"3-Taktic",3,"","3/17/22",NA,NA,0,0,"0",248,21,0,"4/2/22","QNS","","N",NA,NA,"4/14/22","Y","QS","","Prepupa",11,"#VALUE!","19",19,"4/28/22","Y","QR",12,"worked towel; picture","5/12/22","Y","QR","12","","5/26/22","Y","QR",11,"","",1,1,"0",227,0,0,130.4,130.4,"0","Normal",2,"6/30/22",2,217.4,"QR",18,NA,"",3,3,0,349,5,0,"",NA,"","QR",NA,"Amitraz EC","Synthetic"," NA",0,269,227,354,"QR QR QR QR ",0,0,0,0,1,0,2.844,2.4,0.2,7.037,205.4,93.2516
"60","22-060","Wire","3/15/22","S6","21-210",1,3,3,"1-Control",1,"","3/17/22",NA,NA,0,0,"0",283,6,0,"4/2/22","QR","","Y","L1",4,"4/14/22","Y","QS","","Capped",NA,"14","#VALUE!",14,"4/28/22","Y","QR",9,"provisioned Q cells; looks like supersedure","5/12/22","Y","QR","8","","5/26/22","N","QNS",6,"youngest brd purple eye; leave in","",22,22,"0",359,16,0,108.2,108.2,"0","Normal",1,"6/30/22",1,137.8,"QS",12,NA,"plump queen",5,5,0,260,0,0,"",NA,"","QR",NA,"Control","Control"," NA",0,289,375,260,"QR QR QNS QR ",0,0,0,0,1,0,2.31,0,0.025,5.3,137.8,62.5612
"61","22-061","Wire","3/15/22","S6","21-206",2,3,2,"2-Apivar",2,"","3/17/22",NA,NA,3,3,"0",254,26,0,"4/2/22","QR","","Y","Eggs",2,"4/14/22","Y","QS","","Capped",NA,"16","#VALUE!",16,"4/28/22","Y","QR",11,"","5/12/22","Y","QR","16","needs super; provisioned swarm cell; not crushed","5/26/22","Y","QR",13,"","",2,2,"0",293,14,0,158.4,158.4,"0","Normal",3,"6/30/22",3,258.8,"QR",20,NA,"huge",15,15,0,346,5,0,"",NA,"","QS",NA,"Apivar","Synthetic"," NA",0,280,307,351,"QR QR QR QS ",0,0,0,0,1,0,6.006,2.85,0.15,10.769,234.8,106.5992
"62","22-062","Wire","3/15/22","S6","21-206",2,3,2,"5-Vapor18",5,"","3/17/22",NA,NA,3,3,"0",382,4,0,"4/2/22","VQS","","N",NA,NA,"4/14/22","Y","QR","","Prepupa",11,"#VALUE!","19",19,"4/28/22","Y","QS",4,"ants","5/12/22","Y","QR","7","not a lot of RJ","5/26/22","Y","QR",6,"","",0,0,"0",382,0,0,103.4,103.4,"0","Normal",2,"6/30/22",2,197.2,"QS",16,NA,"",3,3,0,383,0,0,"",NA,"","QS",NA,"OA Vapor","Natural"," NA",0,386,382,383,"QS QR QR QS ",0,0,0,0,1,0,2.9,3.25,0,2.125,185.2,84.0808
"63","22-063","Wire","3/15/22","S6","21-206",2,3,2,"6-ManyDribble",6,"","3/17/22",NA,NA,1,1,"0",307,14,0,"4/2/22","QS","","Y","Eggs",2,"4/14/22","Y","QR","","Capped",NA,"16","#VALUE!",16,"4/28/22","Y","QR",13,"","5/12/22","Y","QR","8","feeder straps broken","5/26/22","Y","QR",15,"","",5,5,"0",260,16,0,143.2,143.2,"0","Normal",2,"6/30/22",2,216.6,"QS",18,NA,"",10,10,0,319,19,0,"",NA,"","QR",NA,"5x OA Dribble","Natural"," NA",0,321,276,338,"QR QR QR QR ",0,0,0,0,1,0,6.775,2.2625,0.425,7.05,204.6,92.8884
"64","22-064","Wire","3/15/22","S6","21-203",0,3,5,"5-Vapor18",5,"","3/17/22",NA,NA,0,0,"0",323,8,0,"4/2/22","QNS","Emerged cells","N",NA,NA,"4/14/22","Y","QR","Weak 2.5 FoB","L5",8,"#VALUE!","22",22,"4/28/22","Y","QR",2,"small but looks like will take off","5/12/22","Y","QR","6","","5/26/22","Y","QR",5.5,"","",0,0,"0",360,0,0,97.6,97.6,"0","Normal",1,"6/30/22",1,146.2,"QR",14,NA,"",2,2,0,377,4,0,"",NA,"","QR",NA,"OA Vapor","Natural"," NA",0,331,360,381,"QR QR QR QR ",0,0,0,0,1,0,4.275,2.5375,0.1,2.55,146.2,66.3748
"65","22-065","Wire","3/15/22","S6","21-203",0,3,5,"4-Dribble18",4,"","3/17/22",NA,NA,2,2,"0",287,10,0,"4/2/22","QNS","Sealed and emerged cells","N",NA,NA,"4/14/22","Y","QR","","L5",8,"#VALUE!","22",22,"4/28/22","Y","QS",4,"","5/12/22","Y","QR","11","","5/26/22","Y","QS",8,"","",0,0,"0",386,0,0,106.2,106.2,"0","Normal",2,"6/30/22",2,187.2,"QR",20,NA,"great pattern",0,0,0,239,5,0,"",NA,"","QR",NA,"OA Dribble","Natural"," NA",0,297,386,244,"QS QR QS QR ",0,0,0,0,1,0,4.1,3.625,0.1875,2.45,175.2,79.5408
"66","22-066","Wire","3/15/22","S6","21-203",0,3,5,"7-HopGuard",7,"","3/17/22",NA,NA,1,1,"0",285,19,0,"4/2/22","QNS","","N",NA,NA,"4/14/22","N","QNS","Weak 1FoB. Dud. Remove from trial",NA,NA,"#VALUE!","#VALUE!",NA,"4/28/22",NA,NA,NA,"Death date 4/14/22",NA,NA,NA,NA,NA,NA,NA,NA,NA,NA,NA,NA,NA,"#VALUE!",NA,NA,NA,NA,NA,"#VALUE!",NA,NA,NA,NA,NA,NA,NA,NA,"",NA,NA,NA,NA,NA,NA,"4/14/22",30,"Failed to mate",NA,NA,"HopGuard","Natural","Failed to mate NA",0,304,NA,NA,"NA NA NA NA Failed to mate",1,0,0,0,0,1,NA,NA,NA,NA,NA,NA
"67","22-067","Wire","3/15/22","S6","21-202",5,3,1,"3-Taktic",3,"","3/17/22",2,1,3,3,"0",251,5,0,"4/2/22","QNS","","N",NA,NA,"4/14/22","Y","QR","Weak 3 FoB; Greasy hairless bees; multiple queen-laid eggs per cell; sealed queen cell","L1",4,"#VALUE!","26",26,"4/28/22","Y","DL",3.5,"REMOVE",NA,NA,NA,NA,NA,NA,NA,NA,NA,NA,NA,NA,NA,"#VALUE!",NA,NA,NA,NA,NA,"#VALUE!",NA,NA,NA,NA,NA,NA,NA,NA,"",NA,NA,NA,NA,NA,NA,"4/28/22",44,"DL",NA,NA,"Amitraz EC","Synthetic","DL NA",0,256,NA,NA,"DL NA NA NA DL",1,0,0,0,0,1,NA,NA,NA,NA,NA,NA
"68","22-068","Wire","3/15/22","S6","21-202",5,3,1,"4-Dribble18",4,"","3/17/22",1,0,1,1,"0",265,6,0,"4/2/22","VQS","","N",NA,NA,"4/14/22","Y","QS","","Prepupa",11,"#VALUE!","19",19,"4/28/22","Y","QR",6,"","5/12/22","Y","QR","7","","5/26/22","Y","QR",13,"","",11,11,"0",377,4,0,109.6,109.6,"0","Normal",1,"6/30/22",1,166.4,"QR",16,NA,"plugged with pollen",11,11,0,386,4,0,"",NA,"","QS",NA,"OA Dribble","Natural"," NA",0,271,381,390,"QR QR QR QS ",0,0,0,0,1,0,3.05,2.9,0.2,3.6,166.4,75.5456
"69","22-069","Wire","3/15/22","S6","21-202",5,3,1,"1-Control",1,"","3/17/22",0,0,0,0,"0",274,0,0,"4/2/22","QNS","","N",NA,NA,"4/14/22","Y","QR","","Prepupa",11,"#VALUE!","19",19,"4/28/22","Y","QR",5,"","5/12/22","Y","QR","6","","5/26/22","Y","QR",11,"","",0,0,"0",338,1,0,106.4,106.4,"0","Normal",2,"6/30/22",2,180.2,"QR",17,NA,"",1,1,0,246,1,0,"",NA,"","QS",NA,"Control","Control"," NA",0,274,339,247,"QR QR QR QS ",0,0,0,0,1,0,2.85,3.15,0.025,3.675,168.2,76.3628
"70","22-070","Wire","3/15/22","S6","21-201",1,3,3,"5-Vapor18",5,"","3/17/22",NA,NA,0,0,"0",336,7,0,"4/2/22","QS","","Y","L1",4,"4/14/22","Y","QR","","Capped",NA,"14","#VALUE!",14,"4/28/22","Y","QR",13,"","5/12/22","Y","QR","17","","5/26/22","Y","QR",17,"","",3,3,"0",368,15,0,148.8,148.8,"0","Normal",3,"6/30/22",3,224.6,"QR",19,NA,"",14,14,0,286,19,0,"",NA,"","QR",NA,"OA Vapor","Natural"," NA",0,343,383,305,"QR QR QR QR ",0,0,0,0,1,0,5.185,2.2,0.4375,9.056,200.6,91.0724
"71","22-071","Wire","3/15/22","S6","21-201",1,3,3,"2-Apivar",2,"","3/17/22",NA,NA,1,1,"0",283,14,0,"4/2/22","QS","","Y","L1",4,"4/14/22","Y","QR","","Capped",NA,"14","#VALUE!",14,"4/28/22","Y","QR",12,"","5/12/22","Y","QR","17","needs super","5/26/22","Y","QR",17,"","",9,9,"0",347,6,0,156,156,"0","Normal",3,"6/30/22",3,247.8,"QR",20,NA,"",12,12,0,285,9,0,"",NA,"","QS",NA,"Apivar","Synthetic"," NA",0,297,353,294,"QR QR QR QS ",0,0,0,0,1,0,5.967,2.4,0.2,10.323,223.8,101.6052
"72","22-072","Wire","3/15/22","S6","21-201",1,3,3,"6-ManyDribble",6,"","3/17/22",NA,NA,0,0,"0",296,11,0,"4/2/22","QS","","Y","Eggs",2,"4/14/22","Y","QR","","Prepupa",11,"16","19",17.5,"4/28/22","Y","QR",7,"","5/12/22","Y","QR","13","","5/26/22","Y","QR",10,"","",2,2,"0",310,1,0,122.2,122.2,"0","Normal",2,"6/30/22",2,200.6,"QR",18,NA,"",5,5,0,238,12,0,"",NA,"","QS",NA,"5x OA Dribble","Natural"," NA",0,307,311,250,"QR QR QR QS ",0,0,0,0,1,0,4.175,2.525,0.0625,4.975,188.6,85.6244
"73","22-073","Wire","3/15/22","S6","20-7",4,3,1,"5-Vapor18",5,"","3/17/22",3,1,4,4,"0",282,6,0,"4/2/22","QNS","Ants","N",NA,NA,"4/14/22","N","QNS","Dud. Remove from trial",NA,NA,"#VALUE!","#VALUE!",NA,"4/28/22",NA,NA,NA,"Death date 4/14/22",NA,NA,NA,NA,NA,NA,NA,NA,NA,NA,NA,NA,NA,"#VALUE!",NA,NA,NA,NA,NA,"#VALUE!",NA,NA,NA,NA,NA,NA,NA,NA,"",NA,NA,NA,NA,NA,NA,"4/14/22",30,"Failed to mate",NA,NA,"OA Vapor","Natural","Failed to mate NA",0,288,NA,NA,"NA NA NA NA Failed to mate",1,0,0,0,0,1,NA,NA,NA,NA,NA,NA
"74","22-074","Wire","3/15/22","S6","20-7",4,3,1,"7-HopGuard",7,"","3/17/22",3,2,5,5,"0",279,8,0,"4/2/22","QS","ants","Y","L2",5,"4/14/22","Y","QR","","Capped",NA,"13","#VALUE!",13,"4/28/22","Y","QS",11,"","5/12/22","Y","QR","16","needs super","5/26/22","Y","QR",13,"","",1,1,"0",310,4,0,130.6,130.6,"0","Normal",2,"6/30/22",2,191.4,"QL",18,1,"may have virgin youngest is capped",42,42,0,282,40,0,"",NA,"","QR",NA,"HopGuard","Natural"," NA",0,287,314,322,"QS QR QR QR ",0,0,0,0,1,0,4.815,2.775,0.425,4.764,179.4,81.4476
"75","22-075","Wire","3/15/22","S6","20-7",4,3,1,"2-Apivar",2,"","3/17/22",2,0,2,2,"0",269,5,0,"4/2/22","QS","","Y","L2",5,"4/14/22","Y","QR","","Capped",NA,"13","#VALUE!",13,"4/28/22","Y","QR",12,"","5/12/22","Y","QR","15","needs super","5/26/22","Y","QR",13,"","",4,4,"0",362,3,0,141.8,141.8,"0","Normal",1,"6/30/22",1,166.8,"QS",13,NA,"",27,27,0,320,3,0,"",NA,"","QR",NA,"Apivar","Synthetic"," NA",0,274,365,323,"QR QR QR QR ",0,0,0,0,1,0,6.898,2.4875,0.275,7.5705,166.8,75.7272
"76","22-076","Wire","3/15/22","S6","21-237",1,2,4,"5-Vapor18",5,"","3/17/22",NA,NA,1,1,"0",309,3,0,"4/2/22","VQS","","N",NA,NA,"4/14/22","Y","QR","","Eggs",2,"#VALUE!","28",28,"4/28/22","Y","QS",2,"ants; supersedure sealed cells; small colony; borderline whether will grow","5/12/22","Y","QR","2","","5/26/22","Y","QR",4,"ants","",0,0,"0",324,2,0,87.8,87.8,"0","Normal",1,"6/30/22",1,99.2,"QS",8,NA,"",0,0,0,309,1,0,"",NA,"","QR",NA,"OA Vapor","Natural"," NA",0,312,326,310,"QS QR QR QR ",0,0,0,0,1,0,1.025,0.925,0.0125,1.65,99.2,45.0368
"77","22-077","Wire","3/15/22","S6","21-237",1,2,4,"6-ManyDribble",6,"","3/17/22",NA,NA,0,0,"0",369,5,0,"4/2/22","VQS","Piping and quacking, video","N",NA,NA,"4/14/22","Y","QS","","Eggs",2,"#VALUE!","28",28,"4/28/22","Y","QS",2.5,"borderline whether will thrive, but keep in","5/12/22","Y","QR","3.5","small but OK","5/26/22","Y","QR",5.5,"","",0,0,"0",417,0,0,92.2,92.2,"0","Normal",1,"6/30/22",1,142.8,"QR",11,NA,"",0,0,0,281,1,0,"",NA,"","QR",NA,"5x OA Dribble","Natural"," NA",0,374,417,282,"QS QR QR QR ",0,0,0,0,1,0,1.925,2.175,0,0.8,142.8,64.8312
"78","22-078","Shooting Range","3/22/22","Bee Lab","21-243",9,3,2,"5-Vapor18",5,"","3/24/22",2,6,8,8,"0",287,2,0,"4/9/22","QNS","Polished brood nest","N",NA,NA,"4/21/22","Y","QR","","Prepupa",11,"#VALUE!","19",19,"5/5/22","Y","QR",10,"","5/19/22","Y","QR","12","","6/2/22","Y","QR",14,"","",11,11,"0",NA,NA,NA,129.4,129.4,"0","Normal",2,"6/30/22",2,171.2,"QR",17,NA,"cdb w mites",14,14,0,310,9,0,"",NA,"","QR",NA,"OA Vapor","Natural"," NA",0,289,362,319,"QR QR QR QR ",0,0,0,0,1,0,5.125,2.5625,0.0375,5.85,159.2,72.2768
"79","22-079","Shooting Range","3/22/22","Bee Lab","21-243",9,3,2,"1-Control",1,"","3/24/22",1,4,5,5,"0",308,1,0,"4/9/22","QS","","Y","eggs",2,"4/21/22","Y","QR","","Capped",NA,"16","#VALUE!",16,"5/5/22","Y","QR",11.5,"","5/19/22","Y","QR","14","","6/2/22","Y","QR",16,"","",60,60,"0",453,5,0,136.4,136.4,"0","Normal",2,"6/30/22",2,166.4,"QR",15,NA,"",39,39,0,307,2,0,"",NA,"","QR",NA,"Control","Control"," NA",0,309,458,309,"QR QR QR QR ",0,0,0,0,1,0,4.63,2.6875,0.2375,6.235,154.4,70.0976
"80","22-080","Shooting Range","3/22/22","Bee Lab","21-243",9,3,3,"2-Apivar",2,"","3/24/22",5,4,9,9,"0",331,18,0,"4/9/22","VQS","Polished brood nest","N",NA,NA,"4/21/22","Y","QR","","L3",6,"#VALUE!","24",24,"5/5/22","Y","QR",8,"","5/19/22","Y","QR","5.5","all stages of brood present; 1 emerged queen cell present","6/2/22","Y","QR",8,"","",2,2,"0",340,1,0,104.2,104.2,"0","Normal",1,"6/30/22",1,111.4,"QS",12,NA,"",2,2,0,362,2,0,"",NA,"","QS",NA,"Apivar","Synthetic"," NA",0,349,341,364,"QR QR QR QS ",0,0,0,0,1,0,2.475,1.925,0.0375,3,111.4,50.5756
"81","22-081","Shooting Range","3/22/22","Bee Lab","1004",24,3,1,"7-HopGuard",7,"Queen flew from 1004, may get in to 22-081 through 086","3/24/22",16,6,22,22,"0",340,19,0,"4/9/22","QR","","Y","L3",6,"4/21/22","Y","QR","","Capped",NA,"12","#VALUE!",12,"5/5/22","Y","QR",6.5,"spotty layer","5/19/22","Y","QR","6","possible EFB","6/2/22","Y","QR",8,"Mild EFB","",3,3,"0",442,0,0,100,100,"0","Normal",2,NA,NA,NA,NA,NA,NA,"",NA,NA,NA,NA,NA,NA,"6/7/22",77,"d72 EFB","QR",NA,"HopGuard","Natural","d72 EFB NA",1,359,442,NA,"QR QR QR QR d72 EFB",0,0,0,0,1,1,2.2,1.675,0,3.075,NA,NA
"82","22-082","Shooting Range","3/22/22","Bee Lab","1004",24,3,2,"3-Taktic",3,"Queen flew from 1004, may get in to 22-081 through 086","3/24/22",12,3,15,15,"0",319,24,0,"4/9/22","QS","1 bee with DWV","Y","L2",5,"4/21/22","Y","QR","","Capped",NA,"13","#VALUE!",13,"5/5/22","Y","QR",8,"","5/19/22","Y","QR","6","REMOVE; EFB",NA,NA,NA,NA,NA,NA,NA,NA,"#VALUE!",NA,NA,NA,NA,NA,"#VALUE!","Normal",NA,NA,NA,NA,NA,NA,NA,"",NA,NA,NA,NA,NA,NA,"5/19/22",58,"EFB",NA,NA,"Amitraz EC","Synthetic","EFB NA",1,343,NA,NA,"QR QR NA NA EFB",0,0,0,0,1,1,NA,NA,NA,NA,NA,NA
"83","22-083","Shooting Range","3/22/22","Bee Lab","1004",24,3,2,"6-ManyDribble",6,"Queen flew from 1004, may get in to 22-081 through 086","3/24/22",6,4,10,10,"0",284,32,0,"4/9/22","QS","","Y","eggs",2,"4/21/22","Y","QR","Light one","Capped",NA,"16","#VALUE!",16,"5/5/22","Y","QNS",6,"queenless","5/19/22","Y","DL","3.5","REMOVE",NA,NA,NA,NA,NA,NA,NA,NA,"#VALUE!",NA,NA,NA,NA,NA,"#VALUE!","Normal",NA,NA,NA,NA,NA,NA,NA,"",NA,NA,NA,NA,NA,NA,"5/19/22",58,"DL",NA,NA,"5x OA Dribble","Natural","DL NA",0,316,NA,NA,"QNS DL NA NA DL",0,0,0,1,1,1,NA,NA,NA,NA,NA,NA
"84","22-084","Shooting Range","3/22/22","Bee Lab","21-081",38,3,1,"3-Taktic",3,"Queen flew from 1004, may get in to 22-081 through 086","3/24/22",14,6,20,20,"0",276,33,0,"4/9/22","QNS","","N",NA,NA,"4/21/22","Y","QR","","L3",6,"#VALUE!","24",24,"5/5/22","Y","QR",4,"empty top box; small but may grow","5/19/22","Y","QR","4","","6/2/22","Y","QR",5,"","",0,0,"0",449,0,0,94.6,94.6,"0","Normal",1,"6/30/22",1,112.2,"QR",11,NA,"",3,3,0,363,2,0,"",NA,"","QS",NA,"Amitraz EC","Synthetic"," NA",0,309,449,365,"QR QR QR QS ",0,0,0,0,1,0,2.525,1.9,0,1.6,112.2,50.9388
"85","22-085","Shooting Range","3/22/22","Bee Lab","21-081",38,3,1,"5-Vapor18",5,"Queen flew from 1004, may get in to 22-081 through 086","3/24/22",16,6,22,22,"0",299,5,0,"4/9/22","QNS","","N",NA,NA,"4/21/22","Y","QR","","Prepupa",11,"#VALUE!","19",19,"5/5/22","Y","QR",7.5,"","5/19/22","Y","QR","5","","6/2/22","Y","QR",6,"","",27,27,"0",512,4,0,109.4,109.4,"0","Normal",1,"6/30/22",1,120.6,"QR",13,NA,"",37,37,0,428,0,0,"",NA,"","QS",NA,"OA Vapor","Natural"," NA",0,304,516,428,"QR QR QR QS ",0,0,0,0,1,0,2.775,2.675,0.15,2.575,120.6,54.7524
"86","22-086","Shooting Range","3/22/22","Bee Lab","21-081",38,3,1,"4-Dribble18",4,"Queen flew from 1004, may get in to 22-081 through 086","3/24/22",25,6,31,31,"0",262,30,0,"4/9/22","QS","","Y","L3",6,"4/21/22","Y","QR","","Capped",NA,"12","#VALUE!",12,"5/5/22","Y","QR",10,"","5/19/22","Y","QR","9","","6/2/22","Y","QR",9.5,"","",24,24,"0",393,0,0,130.2,130.2,"0","Normal",1,"6/30/22",1,145.6,"QR",12,NA,"",21,21,0,413,0,0,"",NA,"","QR",NA,"OA Dribble","Natural"," NA",0,292,393,413,"QR QR QR QR ",0,0,0,0,1,0,5.225,5.3625,0.2875,10.4,145.6,66.1024
"87","22-087","Shooting Range","3/22/22","Bee Lab","21-084",36,3,1,"1-Control",1,"","3/24/22",20,12,32,32,"0",281,24,0,"4/9/22","QNS","","N",NA,NA,"4/21/22","Y","QR","","Prepupa",11,"#VALUE!","19",19,"5/5/22","Y","QR",8,"","5/19/22","Y","QR","7","","6/2/22","Y","QR",10.5,"","",8,8,"0",358,0,0,113.8,113.8,"0","Normal",1,"6/30/22",1,136.8,"QR",15,NA,"",11,11,0,313,2,0,"",NA,"","QR",NA,"Control","Control"," NA",0,305,358,315,"QR QR QR QR ",0,0,0,0,1,0,3.425,2.275,0.15,3.725,136.8,62.1072
"88","22-088","Shooting Range","3/22/22","Bee Lab","21-084",36,3,1,"6-ManyDribble",6,"","3/24/22",14,6,20,20,"0",258,5,0,"4/9/22","QNS","","N",NA,NA,"4/21/22","N","QNS","Remove; queenless",NA,NA,"#VALUE!","#VALUE!",NA,"5/5/22",NA,NA,NA,NA,NA,NA,NA,NA,NA,NA,NA,NA,NA,NA,NA,NA,NA,"#VALUE!",NA,NA,NA,NA,NA,"#VALUE!","Normal",NA,NA,NA,NA,NA,NA,NA,"",NA,NA,NA,NA,NA,NA,"4/21/22",30,"Failed to mate",NA,NA,"5x OA Dribble","Natural","Failed to mate NA",0,263,NA,NA,"NA NA NA NA Failed to mate",1,0,0,0,0,1,NA,NA,NA,NA,NA,NA
"89","22-089","Shooting Range","3/22/22","Bee Lab","21-084",36,3,1,"2-Apivar",2,"","3/24/22",7,6,13,13,"0",334,13,0,"4/9/22","QR","","Y","eggs",2,"4/21/22","Y","QR","","Capped",NA,"16","#VALUE!",16,"5/5/22","Y","QR",8,"","5/19/22","Y","QR","7","","6/2/22","Y","QR",6,"maybe mild EFB","",5,5,"0",406,0,0,122.6,122.6,"0","Normal",1,NA,NA,NA,NA,NA,NA,"",NA,NA,NA,NA,NA,NA,"6/7/22",77,"EFB","QS","Observed","Apivar","Synthetic","EFB Observed",1,347,406,NA,"QR QR QR QS EFB",0,0,0,0,1,1,2.735,1.2925,0,6.85,NA,NA
"90","22-090","Shooting Range","3/22/22","Bee Lab","2dog",5,2,4,"7-HopGuard",7,"","3/24/22",5,3,8,8,"0",322,1,0,"4/9/22","VQS","","N",NA,NA,"4/21/22","Y","LW","LW. Remove","Eggs",2,"#VALUE!","28",28,"5/5/22",NA,NA,NA,NA,NA,NA,NA,NA,NA,NA,NA,NA,NA,NA,NA,NA,NA,"#VALUE!",NA,NA,NA,NA,NA,"#VALUE!","Normal",NA,NA,NA,NA,NA,NA,NA,"",NA,NA,NA,NA,NA,NA,"4/21/22",30,"Failed to mate",NA,NA,"HopGuard","Natural","Failed to mate NA",0,323,NA,NA,"NA NA NA NA Failed to mate",1,0,0,0,0,1,NA,NA,NA,NA,NA,NA
"91","22-091","Shooting Range","3/22/22","Bee Lab","2dog",5,2,4,"5-Vapor18",5,"","3/24/22",7,4,11,11,"0",315,1,0,"4/9/22","QR","","Y","L1",4,"4/21/22","Y","QR","","Capped",NA,"14","#VALUE!",14,"5/5/22","Y","QR",9,"","5/19/22","Y","QR","11","","6/2/22","Y","QR",12.5,"","",14,14,"0",406,1,0,145.2,145.2,"0","Normal",1,"6/30/22",1,165.8,"QR",13,NA,"",28,28,0,363,0,0,"",NA,"","QS",NA,"OA Vapor","Natural"," NA",0,316,407,363,"QR QR QR QS ",0,0,0,0,1,0,4.3,2.4,0.0875,7.8,165.8,75.2732
"92","22-092","Shooting Range","3/22/22","Bee Lab","Last",7,3,3,"4-Dribble18",4,"","3/24/22",2,2,4,4,"0",368,3,0,"4/9/22","QNS","","N",NA,NA,"4/21/22","Y","QS","","L5",8,"#VALUE!","22",22,"5/5/22","Y","QR",5,"small but will make it","5/19/22","Y","QR","5","","6/2/22","Y","QR",6,"","",15,15,"0",400,0,0,96.4,96.4,"0","Four",1,"6/30/22",1,105,"QR",11,NA,"",10,10,0,342,1,0,"",NA,"","QS",NA,"OA Dribble","Natural"," NA",0,371,400,343,"QR QR QR QS ",0,0,0,0,1,0,2.475,2.175,0.025,1.9,105,47.67
"93","22-093","Shooting Range","3/22/22","Bee Lab","Last",7,3,3,"5-Vapor18",5,"","3/24/22",8,7,15,15,"0",330,25,0,"4/9/22","QR","","Y","L2",5,"4/21/22","Y","QR","","Capped",NA,"13","#VALUE!",13,"5/5/22","Y","QR",10,"","5/19/22","Y","QR","5.5","CDB w/ mites; lots of bald pupae with mites","6/2/22","Y","QR",7,"mod EFB","",25,25,"0",353,0,0,117,117,"0","Four",1,NA,NA,NA,NA,NA,NA,"",NA,NA,NA,NA,NA,NA,"6/7/22",77,"d72 EFB","QR","Observed","OA Vapor","Natural","d72 EFB Observed",1,355,353,NA,"QR QR QR QR d72 EFB",0,0,0,0,1,1,2.425,1.3875,0.175,5.075,NA,NA
"94","22-094","Shooting Range","3/22/22","Bee Lab","Last",7,3,3,"6-ManyDribble",6,"","3/24/22",3,4,7,7,"0",272,13,0,"4/9/22","QR","","Y","L1",4,"4/21/22","Y","QR","smashed swarm cells","Capped",NA,"14","#VALUE!",14,"5/5/22","Y","QR",8,"spotty pattern","5/19/22","Y","QR","6","","6/2/22","Y","QR",7.5,"","",9,9,"0",331,9,0,112.2,112.2,"0","Normal",1,"6/30/22",1,115.2,"QR",10,NA,"",24,24,0,362,19,0,"",NA,"","QR",NA,"5x OA Dribble","Natural"," NA",0,285,340,381,"QR QR QR QR ",0,0,0,0,1,0,2.025,1.825,0.075,2.625,115.2,52.3008
"95","22-095","Shooting Range","3/22/22","Bee Lab","21-088",2,2,5,"6-ManyDribble",6,"","3/24/22",NA,NA,1,1,"0",377,4,0,"4/9/22","QNS","","N",NA,NA,"4/21/22","Y","QR","","L3",6,"#VALUE!","24",24,"5/5/22","Y","QR",7,"","5/19/22","Y","QR","4.5","","6/2/22","Y","QR",6,"","",0,0,"0",345,0,0,98.2,98.2,"0","Normal",1,"6/30/22",1,113.8,"QR",8,NA,"",0,0,0,386,1,0,"",NA,"","QR",NA,"5x OA Dribble","Natural"," NA",0,381,345,387,"QR QR QR QR ",0,0,0,0,1,0,2.45,1.6,0.1,3.025,113.8,51.6652
"96","22-096","Shooting Range","3/22/22","Bee Lab","21-088",2,2,5,"5-Vapor18",5,"","3/24/22",NA,NA,1,1,"0",384,1,0,"4/9/22","QR","","Y","eggs",2,"4/21/22","Y","QR","","Capped",NA,"16","#VALUE!",16,"5/5/22","Y","QR",12,"","5/19/22","Y","QR","13","","6/2/22","Y","QR",17,"","",5,5,"0",376,2,0,145.4,145.4,"0","Four",2,"6/30/22",2,190.2,"QR",16,NA,"",5,5,0,279,8,0,"",NA,"","QS",NA,"OA Vapor","Natural"," NA",0,385,378,287,"QR QR QR QS ",0,0,0,0,1,0,5.003,2.925,0.3,9.762,178.2,80.9028
"97","22-097","Shooting Range","3/22/22","Kiwi","21-072",1,3,6,"3-Taktic",3,"","3/24/22",NA,NA,0,0,"0",361,11,0,"4/9/22","QNS","","N",NA,NA,"4/21/22","Y","QR","","L5",8,"#VALUE!","22",22,"5/5/22","Y","QR",7,"","5/19/22","Y","QR","7","","6/2/22","Y","QR",9,"","",0,0,"0",393,0,0,114.4,114.4,"0","Normal",1,"6/30/22",1,146,"QR",10,NA,"",2,2,0,416,4,0,"",NA,"","QR",NA,"Amitraz EC","Synthetic"," NA",0,372,393,420,"QR QR QR QR ",0,0,0,0,1,0,3.725,3.2625,0.175,4.95,146,66.284
"98","22-098","Shooting Range","3/22/22","Kiwi","21-072",1,3,6,"6-ManyDribble",6,"","3/24/22",NA,NA,1,1,"0",306,1,0,"4/9/22","QS","","Y","L3",6,"4/21/22","Y","QR","","Capped",NA,"12","#VALUE!",12,"5/5/22","Y","QR",11,"","5/19/22","Y","QR","12","","6/2/22","Y","QS",17,"knocked down ~6 sealed, open, egg sw cells; beautiful","",0,0,"0",430,3,0,148.2,148.2,"0","Four",2,"6/30/22",2,189.6,"QR",14,NA,"",5,5,0,344,4,0,"",NA,"","QS",NA,"5x OA Dribble","Natural"," NA",0,307,433,348,"QR QR QS QS ",0,0,0,0,1,0,7.505,3.55,0.225,7,177.6,80.6304
"99","22-099","Shooting Range","3/22/22","Kiwi","21-072",1,3,6,"4-Dribble18",4,"","3/24/22",NA,NA,1,1,"0",266,27,0,"4/9/22","QS","","Y","L2",5,"4/21/22","Y","QR","","Capped",NA,"13","#VALUE!",13,"5/5/22","Y","QR",10,"","5/19/22","Y","QR","12","","6/2/22","Y","QR",15,"lil pissy","",0,0,"0",399,2,0,136.2,136.2,"0","Normal",2,"6/30/22",2,177.4,"QR",16,NA,"",8,8,0,332,18,0,"",NA,"","QS",NA,"OA Dribble","Natural"," NA",0,293,401,350,"QR QR QR QS ",0,0,0,0,1,0,7.525,3.1125,0.1875,6.9,165.4,75.0916
"100","22-100","Shooting Range","3/22/22","Kiwi","21-063",1,3,5,"3-Taktic",3,"","3/24/22",NA,NA,2,2,"0",235,40,0,"4/9/22","QNS","","N",NA,NA,"4/21/22","Y","QR","","Prepupa",11,"#VALUE!","19",19,"5/5/22","Y","QR",9,"","5/19/22","Y","QR","8","","6/2/22","Y","QR",6,"","",1,1,"0",361,0,0,111.8,111.8,"0","Normal",1,"6/30/22",1,124.4,"QR",7,NA,"",1,1,0,354,0,0,"",NA,"","QR",NA,"Amitraz EC","Synthetic"," NA",0,275,361,354,"QR QR QR QR ",0,0,0,0,1,0,2.075,1.825,0.0375,5.7,124.4,56.4776
"101","22-101","Shooting Range","3/22/22","Kiwi","21-063",1,3,6,"2-Apivar",2,"","3/24/22",NA,NA,0,0,"0",339,19,0,"4/9/22","QR","","Y","L2",5,"4/21/22","Y","QR","","Capped",NA,"13","#VALUE!",13,"5/5/22","Y","QR",11,"","5/19/22","Y","QR","8","","6/2/22","Y","QR",10,"","",0,0,"0",417,0,0,128,128,"0","Normal",1,"6/30/22",1,155.4,"QR",11,NA,"",0,0,0,402,3,0,"",NA,"","QS",NA,"Apivar","Synthetic"," NA",0,358,417,405,"QR QR QR QS ",0,0,0,0,1,0,3.075,1.825,0.175,5.3625,155.4,70.5516
"102","22-102","Shooting Range","3/22/22","Kiwi","21-063",1,3,6,"1-Control",1,"","3/24/22",NA,NA,0,0,"0",308,51,0,"4/9/22","QR","","Y","L2",5,"4/21/22","Y","QR","","Capped",NA,"13","#VALUE!",13,"5/5/22","Y","QR",12,"","5/19/22","Y","QR","12","REMOVE: severe EFB",NA,NA,NA,NA,NA,NA,NA,NA,"#VALUE!",NA,NA,NA,NA,NA,"#VALUE!",NA,NA,NA,NA,NA,NA,NA,NA,"",NA,NA,NA,NA,NA,NA,"5/19/22",58,"EFB",NA,NA,"Control","Control","EFB NA",1,359,NA,NA,"QR QR NA NA EFB",0,0,0,0,1,1,NA,NA,NA,NA,NA,NA
"103","22-103","Shooting Range","3/22/22","Kiwi","21-066",2,3,4,"4-Dribble18",4,"","3/24/22",NA,NA,2,2,"0",297,23,0,"4/9/22","QNS","Emerged q cell","N",NA,NA,"4/21/22","Y","QR","","Prepupa",11,"#VALUE!","19",19,"5/5/22","Y","QR",12,"","5/19/22","Y","QR","14","","6/2/22","Y","QR",17,"beautiful","",3,3,"0",385,2,0,146.8,146.8,"0","Four",2,"6/30/22",2,186.5,"QR",18,NA,"",12,12,0,306,24,0,"",NA,"","QR",NA,"OA Dribble","Natural"," NA",0,320,387,330,"QR QR QR QR ",0,0,0,0,1,0,5.592,2.325,0.25,10.4445,174.5,79.223
"104","22-104","Shooting Range","3/22/22","Kiwi","21-066",2,3,4,"2-Apivar",2,"","3/24/22",NA,NA,0,0,"0",375,7,0,"4/9/22","QNS","","N",NA,NA,"4/21/22","Y","QR","Q may have flown?","L4",7,"#VALUE!","23",23,"5/5/22","Y","QR",7,"","5/19/22","Y","QR","6","","6/2/22","Y","QR",8,"","",0,0,"0",448,0,0,101.6,101.6,"0","Four",1,"6/30/22",1,121,"QR",14,NA,"",0,0,0,370,6,0,"",NA,"","QR",NA,"Apivar","Synthetic"," NA",0,382,448,376,"QR QR QR QR ",0,0,0,0,1,0,2.6875,1.975,0.15,3.1125,121,54.934
"105","22-105","Shooting Range","3/22/22","Kiwi","21-066",2,3,4,"1-Control",1,"By mistake no Varroa sample was taken","3/24/22",NA,NA,NA,NA,"#VALUE!",NA,NA,NA,"4/9/22","QNS","","N",NA,NA,"4/21/22","N","QNS","Remove",NA,NA,"#VALUE!","#VALUE!",NA,"5/5/22",NA,NA,NA,NA,NA,NA,NA,NA,NA,NA,NA,NA,NA,NA,NA,NA,NA,"#VALUE!",NA,NA,NA,NA,NA,"#VALUE!",NA,NA,NA,NA,NA,NA,NA,NA,"",NA,NA,NA,NA,NA,NA,"4/21/22",30,"Failed to mate",NA,NA,"Control","Control","Failed to mate NA",0,NA,NA,NA,"NA NA NA NA Failed to mate",1,0,0,0,0,1,NA,NA,NA,NA,NA,NA
"106","22-106","Shooting Range","3/22/22","Kiwi","21-191",1,3,7,"2-Apivar",2,"","3/24/22",NA,NA,1,1,"0",265,13,0,"4/9/22","VQS","","N",NA,NA,"4/21/22","Y","QS","","Eggs",2,"#VALUE!","28",28,"5/5/22","Y","QS",7,"suspect young queen; some open swarm cells; maybe swarmed","5/19/22","Y","DL","3.5","REMOVE; DL",NA,NA,NA,NA,NA,NA,NA,NA,"#VALUE!",NA,NA,NA,NA,NA,"#VALUE!",NA,NA,NA,NA,NA,NA,NA,NA,"",NA,NA,NA,NA,NA,NA,"5/19/22",58,"DL",NA,NA,"Apivar","Synthetic","DL NA",0,278,NA,NA,"QS DL NA NA DL",0,0,0,1,1,1,NA,NA,NA,NA,NA,NA
"107","22-107","Shooting Range","3/22/22","Kiwi","21-191",1,3,7,"7-HopGuard",7,"","3/24/22",NA,NA,0,0,"0",320,14,0,"4/9/22","QNS","","N",NA,NA,"4/21/22","Y","QNS","Laying workers off center double eggs; 4/23 looked OK, doubled; L2","Eggs",2,"#VALUE!","28",28,"5/5/22","Y","QR",6,"spotty, not good","5/19/22","Y","DL","2","REMOVE; DL",NA,NA,NA,NA,NA,NA,NA,NA,"#VALUE!",NA,NA,NA,NA,NA,"#VALUE!",NA,NA,NA,NA,NA,NA,NA,NA,"",NA,NA,NA,NA,NA,NA,"5/19/22",58,"DL",NA,NA,"HopGuard","Natural","DL NA",0,334,NA,NA,"QR DL NA NA DL",0,0,0,1,1,1,NA,NA,NA,NA,NA,NA
"108","22-108","Shooting Range","3/22/22","Kiwi","21-191",1,3,8,"3-Taktic",3,"","3/24/22",NA,NA,0,0,"0",309,6,0,"4/9/22","QS","","Y","L1",4,"4/21/22","Y","QR","","Capped",NA,"14","#VALUE!",14,"5/5/22","Y","QR",11,"","5/19/22","Y","QR","11","","6/2/22","Y","QR",12,"","",2,2,"0",NA,NA,NA,135.6,135.6,"0","Normal",1,"6/30/22",1,153.6,"QR",11,NA,"bad pattern",5,5,0,346,25,0,"",NA,"","QS",NA,"Amitraz EC","Synthetic"," NA",0,315,362,371,"QR QR QR QS ",0,0,0,0,1,0,4.75,2.075,0.225,8.8,153.6,69.7344
"109","22-109","Shooting Range","3/22/22","Kiwi","21-076",2,3,4,"3-Taktic",3,"","3/24/22",NA,NA,1,1,"0",272,22,0,"4/9/22","QS","","Y","L3",6,"4/21/22","Y","QR","","Capped",NA,"12","#VALUE!",12,"5/5/22","Y","QR",9,"","5/19/22","Y","QR","9","mild EFB","6/2/22","Y","QNS",7,"Saw 1 egg but tore ~5 cells","",5,5,"0",413,3,0,101.6,101.6,"0","Four",1,NA,NA,NA,NA,NA,NA,"",NA,NA,NA,NA,NA,NA,"6/7/22",77,"5/19 EFB mild","QR","Observed","Amitraz EC","Synthetic","5/19 EFB mild Observed",1,294,416,NA,"QR QR QNS QR 5/19 EFB mild",0,0,0,0,1,1,3.475,1.25,0,3.65,NA,NA
"110","22-110","Shooting Range","3/22/22","Kiwi","21-076",2,3,5,"1-Control",1,"","3/24/22",NA,NA,0,0,"0",258,23,0,"4/9/22","QR","","Y","L1",4,"4/21/22","Y","QR","","Capped",NA,"14","#VALUE!",14,"5/5/22","Y","QR",10,"","5/19/22","Y","QR","14","","6/2/22","Y","QR",16,"knocked ~20 queen cells","",4,4,"0",429,0,0,124,124,"0","Four",1,"6/30/22",1,122.8,"QR",9,NA,"only eggs andyoung larvae no brood",3,3,0,351,0,0,"",NA,"","QS",NA,"Control","Control"," NA",0,281,429,351,"QR QR QR QS ",0,0,0,0,1,0,NA,NA,NA,NA,122.8,55.7512
"111","22-111","Shooting Range","3/22/22","Kiwi","21-076",2,3,5,"7-HopGuard",7,"","3/24/22",NA,NA,1,1,"0",276,13,0,"4/9/22","QS","","Y","L3",6,"4/21/22","Y","QR","","Capped",NA,"12","#VALUE!",12,"5/5/22","Y","QR",10,"","5/19/22","Y","QR","14","","6/2/22","Y","QR",13,"","",0,0,"0",380,1,0,148.4,148.4,"0","Normal",1,"6/30/22",1,177,"QR",13,NA,"",2,2,0,358,6,0,"",NA,"","QR",NA,"HopGuard","Natural"," NA",0,289,381,364,"QR QR QR QR ",0,0,0,0,1,0,NA,NA,NA,NA,177,80.358
"112","22-112","Shooting Range","3/22/22","Kiwi","21-190",1,4,7,"5-Vapor18",5,"","3/24/22",NA,NA,2,2,"0",304,11,0,"4/9/22","QS","","Y","L1",4,"4/21/22","Y","QR","","Capped",NA,"14","#VALUE!",14,"5/5/22","Y","QR",13,"","5/19/22","Y","QR","17","","6/2/22","Y","QR",16,"beautiful; 1/4 super","",2,2,"0",394,1,0,161.4,161.4,"0","Four",2,"6/30/22",2,191.6,"QR",17,NA,"",3,3,0,378,4,0,"",NA,"","QS",NA,"OA Vapor","Natural"," NA",0,315,395,382,"QR QR QR QS ",0,0,0,0,1,0,6.937,2.1375,0.325,12.333,179.6,81.5384
"113","22-113","Shooting Range","3/22/22","Kiwi","21-190",1,4,7,"4-Dribble18",4,"","3/24/22",NA,NA,0,0,"0",348,8,0,"4/9/22","QR","","Y","L3",6,"4/21/22","Y","QR","","Capped",NA,"12","#VALUE!",12,"5/5/22","Y","QR",10,"","5/19/22","Y","QR","13","","6/2/22","Y","QR",16,"knocked q cups w/eggs","",0,0,"0",338,3,0,141,141,"0","Four",1,"6/30/22",1,129,"QNS",5,1,"no eggs, some capped  think swarmed",7,7,0,361,15,0,"",NA,"","QS",NA,"OA Dribble","Natural"," NA",0,356,341,376,"QR QR QR QS ",0,0,0,0,1,0,6.435,3,0.475,8.375,129,58.566
"114","22-114","Shooting Range","3/22/22","Kiwi","21-190",1,4,7,"3-Taktic",3,"","3/24/22",NA,NA,2,2,"0",277,20,0,"4/9/22","QS","","Y","L1",4,"4/21/22","Y","QR","","Capped",NA,"14","#VALUE!",14,"5/5/22","Y","QR",11,"","5/19/22","Y","QR","14","","6/2/22","Y","QR",19,"nice; 1/4 super","",0,0,"0",354,9,0,159.4,159.4,"0","Four",2,"6/30/22",2,199.4,"QR",19,NA,"",2,2,0,327,14,0,"",NA,"","QR",NA,"Amitraz EC","Synthetic"," NA",0,297,363,341,"QR QR QR QR ",0,0,0,0,1,0,9.668,2.475,0.3875,13.488,187.4,85.0796
"115","22-115","Shooting Range","3/22/22","Kiwi","21-190",1,4,7,"6-ManyDribble",6,"","3/24/22",NA,NA,0,0,"0",320,28,0,"4/9/22","QR","","Y","L2",5,"4/21/22","Y","QR","","Capped",NA,"13","#VALUE!",13,"5/5/22","Y","QR",9,"","5/19/22","Y","QR","8","","6/2/22","Y","QR",8,"","",0,0,"0",348,2,0,131.8,131.8,"0","Normal",1,"6/30/22",1,156.2,"QR",9,NA,"",0,0,0,324,5,0,"",NA,"","QR",NA,"5x OA Dribble","Natural"," NA",0,348,350,329,"QR QR QR QR ",0,0,0,0,1,0,4.775,2.175,0.2125,9.4,156.2,70.9148
"116","22-116","Shooting Range","3/22/22","Kiwi","21-183",1,3,6,"7-HopGuard",7,"Queen flew, may end up in splits 116-118","3/24/22",NA,NA,3,3,"0",281,26,0,"4/9/22","QS","Large ~7FoB","Y","L3",6,"4/21/22","Y","QR","","Capped",NA,"12","#VALUE!",12,"5/5/22","Y","QR",14,"","5/19/22","Y","QR","15","","6/2/22","Y","QR",16,"nice","",3,3,"0",336,1,0,160.2,160.2,"0","Four",2,"6/30/22",2,188.2,"QR",16,NA,"",10,10,0,347,16,0,"",NA,"","QR",NA,"HopGuard","Natural"," NA",0,307,337,363,"QR QR QR QR ",0,0,0,0,1,0,7.73,1.9875,0.175,14.06,176.2,79.9948
"117","22-117","Shooting Range","3/22/22","Kiwi","21-183",1,3,6,"5-Vapor18",5,"Queen flew, may end up in splits 116-118","3/24/22",NA,NA,1,1,"0",360,12,0,"4/9/22","VQS","Incredibly tiny VQ seen smaller than a worker","N",NA,NA,"4/21/22","Y","QNS","Remove; laying workers","Eggs",2,"#VALUE!","28",28,"5/5/22",NA,NA,NA,NA,NA,NA,NA,NA,NA,NA,NA,NA,NA,NA,NA,NA,NA,"#VALUE!",NA,NA,NA,NA,NA,"#VALUE!",NA,NA,NA,NA,NA,NA,NA,NA,"",NA,NA,NA,NA,NA,NA,"4/21/22",30,"Failed to mate",NA,NA,"OA Vapor","Natural","Failed to mate NA",0,372,NA,NA,"NA NA NA NA Failed to mate",1,0,0,0,0,1,NA,NA,NA,NA,NA,NA
"118","22-118","Shooting Range","3/22/22","Kiwi","21-183",1,3,7,"1-Control",1,"Queen flew, may end up in splits 116-118","3/24/22",NA,NA,1,1,"0",340,29,0,"4/9/22","QNS","Polished brood nest. Small ~2.5FoB","N",NA,NA,"4/21/22","N","QNS","Remove",NA,NA,"#VALUE!","#VALUE!",NA,"5/5/22",NA,NA,NA,NA,NA,NA,NA,NA,NA,NA,NA,NA,NA,NA,NA,NA,NA,"#VALUE!",NA,NA,NA,NA,NA,"#VALUE!",NA,NA,NA,NA,NA,NA,NA,NA,"",NA,NA,NA,NA,NA,NA,"4/21/22",30,"Failed to mate",NA,NA,"Control","Control","Failed to mate NA",0,369,NA,NA,"NA NA NA NA Failed to mate",1,0,0,0,0,1,NA,NA,NA,NA,NA,NA
"119","22-119","Shooting Range","3/22/22","Raleigh","21-116",2,2,5,"4-Dribble18",4,"","3/24/22",NA,NA,0,0,"0",360,5,0,"4/9/22","QNS","","N",NA,NA,"4/21/22","Y","QR","","Prepupa",11,"#VALUE!","19",19,"5/5/22","Y","QR",8,"","5/19/22","Y","QR","6","","6/2/22","Y","QR",7,"mild EFB","",1,1,"0",433,0,0,101.4,101.4,"0","Normal",1,NA,NA,NA,NA,NA,NA,"",NA,NA,NA,NA,NA,NA,"6/7/22",77,"d77 mod EFB","QR","Observed","OA Dribble","Natural","d77 mod EFB Observed",1,365,433,NA,"QR QR QR QR d77 mod EFB",0,0,0,0,1,1,2.725,2.1,0,2.45,NA,NA
"120","22-120","Shooting Range","3/22/22","Raleigh","21-116",2,2,5,"2-Apivar",2,"","3/24/22",NA,NA,5,5,"0",319,17,0,"4/9/22","QR","","Y","L6",9,"4/21/22","Y","QR","","Capped",NA,"9","#VALUE!",9,"5/5/22","Y","QR",14,"","5/19/22","Y","QR","13","","6/2/22","Y","QR",12.5,"","",1,1,"0",258,2,0,145.4,145.4,"0","Normal",1,"6/30/22",1,151.6,"QR",14,NA,"",7,7,0,364,4,0,"",NA,"","QR",NA,"Apivar","Synthetic"," NA",0,336,260,368,"QR QR QR QR ",0,0,0,0,1,0,2.675,1.45,0,8.925,151.6,68.8264
"121","22-121","Shooting Range","3/22/22","Raleigh","21-115",9,3,2,"4-Dribble18",4,"","3/24/22",4,6,10,10,"0",328,4,0,"4/9/22","QS","","Y","L3",6,"4/21/22","Y","QR","","Capped",NA,"12","#VALUE!",12,"5/5/22","Y","QR",6.5,"","5/19/22","N","QL","Missing","queenless; purple eye youngest brood","6/2/22","N","QNS",4,"Roaring QL","",6,6,"0",362,1,0,88.6,88.6,"0","Normal",1,NA,NA,NA,NA,NA,NA,"",NA,NA,NA,NA,NA,NA,"6/7/22",77,"d77 QNS","QNS",NA,"OA Dribble","Natural","d77 QNS NA",0,332,363,NA,"QR QL QNS QNS d77 QNS",0,0,1,0,1,1,1.425,0,0,2.1125,NA,NA
"122","22-122","Shooting Range","3/22/22","Raleigh","21-115",9,3,2,"2-Apivar",2,"","3/24/22",6,5,11,11,"0",338,5,0,"4/9/22","QNS","","N",NA,NA,"4/21/22","Y","QR","","L3",6,"#VALUE!","24",24,"5/5/22","Y","QR",6,"","5/19/22","Y","QR","4","","6/2/22","Y","QR",5.5,"","",0,0,"0",445,0,0,96.8,96.8,"0","Normal",1,"6/30/22",1,108.8,"QR",12,NA,"",0,0,0,334,10,0,"",NA,"","QS",NA,"Apivar","Synthetic"," NA",0,343,445,344,"QR QR QR QS ",0,0,0,0,1,0,2.525,1.5,0.025,1.9,108.8,49.3952
"123","22-123","Shooting Range","3/22/22","Raleigh","21-115",9,3,2,"7-HopGuard",7,"","3/24/22",2,4,6,6,"0",417,5,0,"4/9/22","QS","small, 3FoB","Y","eggs",2,"4/21/22","Y","QR","","Capped",NA,"16","#VALUE!",16,"5/5/22","Y","QR",5,"","5/19/22","Y","QR","4.5","","6/2/22","Y","QR",5.5,"","",4,4,"0",336,0,0,88.8,88.8,"0","Normal",1,"6/30/22",1,96.6,"QR",9,NA,"",4,4,0,363,2,0,"",NA,"","QS",NA,"HopGuard","Natural"," NA",0,422,336,365,"QR QR QR QS ",0,0,0,0,1,0,1.925,1.9875,0,1.1,96.6,43.8564
"124","22-124","Shooting Range","3/22/22","Raleigh","21-108",8,2,3,"3-Taktic",3,"","3/24/22",6,8,14,14,"0",284,26,0,"4/9/22","VQS","Small VQ seen, and a sealed emergency cell","N",NA,NA,"4/21/22","Y","QR","","Prepupa",11,"#VALUE!","19",19,"5/5/22","Y","QR",8,"","5/19/22","Y","QR","6","","6/2/22","Y","QR",8.5,"CDB and possible EFB","",8,8,"0",NA,NA,NA,107.8,107.8,"0","Normal",1,NA,NA,NA,NA,NA,NA,"",NA,NA,NA,NA,NA,NA,"6/7/22",77,"d77 EFB, likely sac","QR","Observed","Amitraz EC","Synthetic","d77 EFB, likely sac Observed",1,310,362,NA,"QR QR QR QR d77 EFB, likely sac",0,0,0,0,1,1,2.5,1.875,0.15,4.05,NA,NA
"125","22-125","Shooting Range","3/22/22","Raleigh","21-108",8,2,3,"7-HopGuard",7,"","3/24/22",10,8,18,18,"0",321,32,0,"4/9/22","QS","","Y","L1",4,"4/21/22","Y","QR","","Capped",NA,"14","#VALUE!",14,"5/5/22","Y","QR",9,"","5/19/22","Y","QR","6","","6/2/22","Y","QR",10,"","",8,8,"0",431,0,0,116.4,116.4,"0","Normal",1,"6/30/22",1,130.4,"QR",10,NA,"",3,3,0,381,0,0,"",NA,"","QS",NA,"HopGuard","Natural"," NA",0,353,431,381,"QR QR QR QS ",0,0,0,0,1,0,3.55,1.7125,0,4.725,130.4,59.2016
"126","22-126","Shooting Range","3/22/22","Kiwi","21-073",6,2,3,"1-Control",1,"","3/24/22",7,1,8,8,"0",313,0,0,"4/9/22","QS","","Y","L3",6,"4/21/22","Y","QS","","Capped",NA,"12","#VALUE!",12,"5/5/22","Y","QR",14,"","5/19/22","Y","QR","12","","6/2/22","Y","QR",14,"CDB mites","",59,59,"0",460,0,0,151.3,151.3,"0","Normal",1,"6/30/22",1,169.8,"QR",15,NA,"bald and chewed down brood",55,55,0,406,2,0,"",NA,"","QR",NA,"Control","Control"," NA",0,313,460,408,"QR QR QR QR ",0,0,0,0,1,0,3.925,2.5,0.2,9.375,169.8,77.0892
"127","22-127","Shooting Range","3/22/22","Kiwi","21-073",6,2,4,"6-ManyDribble",6,"","3/24/22",9,5,14,14,"0",328,0,0,"4/9/22","QR","","Y","eggs",NA,"4/21/22","Y","QR","","Capped",NA,"18","#VALUE!",18,"5/5/22","Y","QR",7,"Data gathered 1wk late: 5/12","5/19/22","Y","QR","7","","6/2/22","Y","QR",11,"","",2,2,"0",322,1,0,111.8,111.8,"0","Normal",1,"6/30/22",1,135.8,"QR",11,NA,"",26,26,0,408,12,0,"",NA,"","QS",NA,"5x OA Dribble","Natural"," NA",0,328,323,420,"QR QR QR QS ",0,0,0,0,1,0,4.225,2.25,0.3375,3.725,135.8,61.6532
"128","22-128","Turfgrass","3/25/22","Shoot (Wire hives at SR)","21-092",2,3,3,"7-HopGuard",7,"","3/27/22",NA,NA,1,1,"0",293,26,0,"4/12/22","QS","","Y","L4",7,"4/24/22","Y","QR","","Capped",NA,"11","#VALUE!",11,"5/8/22","Y","QR",11.5,"REMOVE, mild EFB",NA,NA,NA,NA,NA,NA,NA,NA,NA,NA,NA,NA,NA,"#VALUE!",NA,NA,NA,NA,NA,"#VALUE!","Normal",NA,NA,NA,NA,NA,NA,NA,"",NA,NA,NA,NA,NA,NA,"5/8/22",44,"EFB",NA,NA,"HopGuard","Natural","EFB NA",1,319,NA,NA,"QR NA NA NA EFB",0,0,0,0,1,1,NA,NA,NA,NA,NA,NA
"129","22-129","Turfgrass","3/25/22","Shoot (Wire hives at SR)","21-092",2,3,3,"6-ManyDribble",6,"","3/27/22",NA,NA,0,0,"0",261,31,0,"4/12/22","QS","","Y","L4",7,"4/24/22","Y","QS","","Capped",NA,"11","#VALUE!",11,"5/8/22","Y","QR",7.5,"","5/21/22","Y","QR","11","","6/6/22","Y","QR",12,"","",1,1,"0",406,0,0,128.2,128.2,"0","Normal",1,"6/30/22",1,166,"QR",18,NA,"plugged",6,6,0,440,4,0,"",NA,"","QR",NA,"5x OA Dribble","Natural"," NA",0,292,406,444,"QR QR QR QR ",0,0,0,0,1,0,5.05,3.5,0.175,6.7,166,75.364
"130","22-130","Turfgrass","3/25/22","Shoot (Wire hives at SR)","21-092",2,3,4,"2-Apivar",2,"","3/27/22",NA,NA,2,2,"0",283,20,0,"4/12/22","QS","","Y","L3",6,"4/24/22","Y","QR","","Capped",NA,"12","#VALUE!",12,"5/8/22","Y","QR",9,"v. heavy; still has space","5/21/22","Y","QR","15","","6/6/22","Y","QR",12,"","",0,0,"0",285,4,0,162.6,162.6,"0","Normal",2,"6/30/22",2,215.8,"QR",18,NA,"plugged",15,15,0,269,12,0,"",NA,"","QR",NA,"Apivar","Synthetic"," NA",0,303,289,281,"QR QR QR QR ",0,0,0,0,1,0,4.889,2.9625,0.5375,14.2525,203.8,92.5252
"131","22-131","Turfgrass","3/25/22","Shoot (Wire hives at SR)","21-094",2,2,4,"1-Control",1,"","3/27/22",NA,NA,1,1,"0",297,20,0,"4/12/22","QR","Ants","Y","eggs",2,"4/24/22","Y","QR","","Capped",NA,"16","#VALUE!",16,"5/8/22","Y","QR",7,"","5/21/22","Y","QR","11","","6/6/22","Y","QR",10,"","",10,10,"0",304,6,0,146.8,146.8,"0","Normal",2,"6/30/22",1,168.2,"QR",16,NA,"",18,18,0,317,11,0,"",NA,"","QS",NA,"Control","Control"," NA",0,317,310,328,"QR QR QR QS ",0,0,0,0,1,0,3.125,3.025,0.1625,9.425,168.2,76.3628
"132","22-132","Turfgrass","3/25/22","Shoot (Wire hives at SR)","21-094",2,2,4,"3-Taktic",3,"","3/27/22",NA,NA,0,0,"0",286,13,0,"4/12/22","QR","","Y","L5",8,"4/24/22","Y","QR","","Capped",NA,"10","#VALUE!",10,"5/8/22","Y","QR",9,"","5/21/22","Y","QS","13","","6/6/22","Y","QR",11,"","",6,6,"0",396,1,0,156.4,156.4,"0","Normal",1,"6/30/22",2,198.4,"QR",14,NA,"",14,14,0,223,21,0,"",NA,"","QS",NA,"Amitraz EC","Synthetic"," NA",0,299,397,244,"QR QS QR QS ",0,0,0,0,1,0,4.775,2.6125,0.325,10.3125,186.4,84.6256
"133","22-133","Turfgrass","3/25/22","Shooting Range","21-020",2,2,3,"2-Apivar",2,"","3/27/22",NA,NA,0,0,"0",297,4,0,"4/12/22","QNS","Virgin piping","N",NA,NA,"4/24/22","N","QNS","QNS. Remove",NA,NA,"#VALUE!","#VALUE!",NA,"5/8/22",NA,NA,NA,NA,NA,NA,NA,NA,NA,NA,NA,NA,NA,NA,NA,NA,NA,"#VALUE!",NA,NA,NA,NA,NA,"#VALUE!","Normal",NA,NA,NA,NA,NA,NA,NA,"",NA,NA,NA,NA,NA,NA,"4/24/22",30,"Failed to mate",NA,NA,"Apivar","Synthetic","Failed to mate NA",0,301,NA,NA,"NA NA NA NA Failed to mate",1,0,0,0,0,1,NA,NA,NA,NA,NA,NA
"134","22-134","Turfgrass","3/25/22","Shooting Range","21-020",2,2,3,"4-Dribble18",4,"","3/27/22",NA,NA,0,0,"0",317,3,0,"4/12/22","VQS","","N",NA,NA,"4/24/22","Y","QR","","L3",6,"#VALUE!","24",24,"5/8/22","Y","QR",3,"weak but growing; ants","5/21/22","Y","QR","4","","6/6/22","Y","QR",9,"","",0,0,"0",344,0,0,157,157,"0","Normal",1,"6/30/22",1,147,"QR",13,NA,"",1,1,0,324,1,0,"",NA,"","QS",NA,"OA Dribble","Natural"," NA",0,320,344,325,"QR QR QR QS ",0,0,0,0,1,0,3.525,2.8625,0.025,6.175,147,66.738
"135","22-135","Turfgrass","3/25/22","Shooting Range","21-006",2,3,4,"6-ManyDribble",6,"","3/27/22",NA,NA,1,1,"0",316,7,0,"4/12/22","QNS","","N",NA,NA,"4/24/22","Y","QR","","Eggs",2,"#VALUE!","28",28,"5/8/22","N","QL",4.5,"pink eye brook; sealed Q cells","5/21/22","Y","QR","3.5","new queen; brood from eggs to L3","6/6/22","Y","QR",4,"","",0,0,"0",503,0,0,99.8,99.8,"0","Normal",1,"6/30/22",1,108.8,"QR",7,NA,"plugged",2,2,0,476,0,0,"",NA,"","QS",NA,"5x OA Dribble","Natural"," NA",0,323,503,476,"QL QR QR QS ",1,0,0,0,0,1,1.425,1.75,0.1,2.45,108.8,49.3952
"136","22-136","Turfgrass","3/25/22","Shooting Range","21-006",2,3,4,"4-Dribble18",4,"","3/27/22",NA,NA,0,0,"0",314,23,0,"4/12/22","QNS","Hatched q cells","N",NA,NA,"4/24/22","Y","QR","small ~3 FOB","L6",9,"#VALUE!","21",21,"5/8/22","Y","QR",3,"weak but OK","5/21/22","Y","QR","5","","6/6/22","Y","QR",8,"mod EFB","",0,0,"0",425,0,0,93.6,93.6,"0","Normal",1,NA,NA,NA,NA,NA,NA,"",NA,NA,NA,NA,NA,NA,"6/11/22",77,"EFB","QR","Observed","OA Dribble","Natural","EFB Observed",1,337,425,NA,"QR QR QR QR EFB",0,0,0,0,1,1,2.175,1.525,0.025,1.525,NA,NA
"137","22-137","Turfgrass","3/25/22","Shooting Range","21-006",2,3,5,"1-Control",1,"","3/27/22",NA,NA,0,0,"0",301,28,0,"4/12/22","QNS","","N",NA,NA,"4/24/22","Y","QS","","Eggs",2,"#VALUE!","28",28,"5/8/22","Y","QR",4,"","5/21/22","Y","QR","5","","6/6/22","Y","QR",8.5,"","",0,0,"0",336,1,0,112,112,"0","Normal",1,"6/30/22",1,146.8,"QR",12,NA,"plugged",0,0,0,304,4,0,"",NA,"","QS",NA,"Control","Control"," NA",0,329,337,308,"QR QR QR QS ",0,0,0,0,1,0,2.95,2.85,0.075,5.8,146.8,66.6472
"138","22-138","Turfgrass","3/25/22","Shoot (Wire hives at SR)","21-129",5,2,1,"1-Control",1,"Q not seen, but VQ killed. Split assuming that mated q was gone","3/27/22",3,1,4,4,"0",270,15,0,"4/12/22","QNS","","N",NA,NA,"4/24/22","Y","QS","pretty strong","L6",9,"#VALUE!","21",21,"5/8/22","Y","QR",8,"nice and heavy","5/21/22","N","QL","7","a sealed emergency cell and still sealed brood","6/6/22","Y","QR",8,"new queen; eggs young larvae","",7,7,"0",419,0,0,130,130,"0","Normal",1,"6/30/22",1,138.6,"QR",10,NA,"",19,19,0,232,23,0,"",NA,"","QR",NA,"Control","Control"," NA",0,285,419,255,"QR QL QR QR ",0,0,1,0,1,1,2.525,0.35,0,8.6,138.6,62.9244
"139","22-139","Turfgrass","3/25/22","Shoot (Wire hives at SR)","21-129",5,2,1,"3-Taktic",3,"Q not seen, but VQ killed. Split assuming that mated q was gone","3/27/22",4,1,5,5,"0",295,8,0,"4/12/22","QNS","Strong","N",NA,NA,"4/24/22","Y","QR","","Prepupa",11,"#VALUE!","19",19,"5/8/22","Y","QR",7.5,"","5/21/22","Y","QR","8","","6/6/22","Y","QR",11,"","",4,4,"0",386,0,0,134.8,134.8,"0","Normal",1,"6/30/22",1,168.4,"QR",11,NA,"",5,5,0,367,10,0,"",NA,"","QS",NA,"Amitraz EC","Synthetic"," NA",0,303,386,377,"QR QR QR QS ",0,0,0,0,1,0,4.075,2.825,0.075,9.075,168.4,76.4536
"140","22-140","Turfgrass","3/25/22","Shooting Range","21-036",1,3,6,"6-ManyDribble",6,"","3/27/22",NA,NA,0,0,"0",331,2,0,"4/12/22","QNS","1.5 FoB","N",NA,NA,"4/24/22","Y","QS","small colony ~4 FOB","Prepupa",11,"#VALUE!","19",19,"5/8/22","Y","QR",2,"lots of ants; 3/4 feeder left; not great fed larvae but OK","5/21/22","Y","QR","3.5","lots of ants; still half feeder","6/6/22","Y","QR",7,"ants","",0,0,"0",417,0,0,98.6,98.6,"0","Normal",1,"6/30/22",1,115.4,"QS",8,NA,"",1,1,0,259,2,0,"",NA,"","QS",NA,"5x OA Dribble","Natural"," NA",0,333,417,261,"QR QR QR QS ",0,0,0,0,1,0,2.525,2.125,0.025,1.9,115.4,52.3916
"141","22-141","Turfgrass","3/25/22","Shooting Range","21-036",1,3,6,"2-Apivar",2,"","3/27/22",NA,NA,3,3,"0",294,17,0,"4/12/22","QNS","","N",NA,NA,"4/24/22","Y","QS","small colony ~5 FOB","Prepupa",11,"#VALUE!","19",19,"5/8/22","Y","QR",4,"","5/21/22","Y","QR","5","","6/6/22","Y","QR",10,"","",0,0,"0",440,0,0,126.2,126.2,"0","Normal",1,"6/30/22",1,156.2,"QR",13,NA,"",0,0,0,280,12,0,"",NA,"","QR",NA,"Apivar","Synthetic"," NA",0,311,440,292,"QR QR QR QR ",0,0,0,0,1,0,3.275,2.6,0.225,7.425,156.2,70.9148
"142","22-142","Turfgrass","3/25/22","Shooting Range","21-036",1,3,6,"7-HopGuard",7,"","3/27/22",NA,NA,0,0,"0",286,8,0,"4/12/22","VQS","","N",NA,NA,"4/24/22","Y","QR","small 1.5 FOB","L4",7,"#VALUE!","23",23,"5/8/22","Y","QS",1.5,"","5/21/22","Y","QS","2","weak but healthy; ants; one half feeder; light on sugar","6/6/22","Y","QR",2.5,"ants/bad wax moths; 3 frames removed","",0,0,"0",363,0,0,80.8,80.8,"0","Normal",1,NA,NA,NA,NA,NA,NA,"",NA,NA,NA,NA,NA,NA,"6/11/22",77,"Small","QR",NA,"HopGuard","Natural","Small NA",0,294,363,NA,"QS QS QR QR Small",0,1,0,0,1,1,1.525,0.9,0,0.575,NA,NA
"143","22-143","Turfgrass","3/25/22","Shoot (Wire hives at SR)","21-130",2,2,4,"7-HopGuard",7,"Q not seen, but VQ killed. Split assuming that mated q was gone","3/27/22",NA,NA,8,8,"0",348,11,0,"4/12/22","QR","","Y","L5",8,"4/24/22","Y","QR","","Capped",NA,"10","#VALUE!",10,"5/8/22","Y","QR",13,"v heavy","5/21/22","Y","QR","15","","6/6/22","Y","QR",14,"mites in drone brood","",0,0,"0",285,0,0,175.6,175.6,"0","Normal",2,"6/30/22",2,213.6,"QR",16,NA,"little plugged",2,2,0,258,6,0,"",NA,"","QR",NA,"HopGuard","Natural"," NA",0,359,285,264,"QR QR QR QR ",0,0,0,0,1,0,6.459,2.5,0.2125,14.742,201.6,91.5264
"144","22-144","Turfgrass","3/25/22","Shoot (Wire hives at SR)","21-130",2,2,4,"5-Vapor18",5,"Q not seen, but VQ killed. Split assuming that mated q was gone","3/27/22",NA,NA,4,4,"0",301,4,0,"4/12/22","QNS","Hatched supersedure","N",NA,NA,"4/24/22","Y","QS","quite small","Prepupa",11,"#VALUE!","19",19,"5/8/22","Y","QR",3,"","5/21/22","Y","QR","3","","6/6/22","Y","QR",5,"","",1,1,"0",420,1,0,108.8,108.8,"0","Normal",1,"6/30/22",1,128.2,"QR",8,NA,"",3,3,0,375,9,0,"",NA,"","QR",NA,"OA Vapor","Natural"," NA",0,305,421,384,"QR QR QR QR ",0,0,0,0,1,0,1.65,1.6,0.05,4.925,128.2,58.2028
"145","22-145","Turfgrass","3/25/22","Shooting Range","21-045",1,3,5,"6-ManyDribble",6,"","3/27/22",NA,NA,1,1,"0",281,18,0,"4/12/22","QNS","Hatched supersedure","N",NA,NA,"4/24/22","Y","QR","","L4",7,"#VALUE!","23",23,"5/8/22","Y","QR",4.5,"","5/21/22","Y","QR","4.5","","6/6/22","Y","QR",7,"","",4,4,"0",387,0,0,121.4,121.4,"0","Normal",1,"6/30/22",1,156.8,"QS",14,NA,"",4,4,0,415,9,0,"",NA,"","QR",NA,"5x OA Dribble","Natural"," NA",0,299,387,424,"QR QR QR QR ",0,0,0,0,1,0,3.2,3,0.1,7.275,156.8,71.1872
"146","22-146","Turfgrass","3/25/22","Shooting Range","21-045",1,3,5,"4-Dribble18",4,"","3/27/22",NA,NA,2,2,"0",338,15,0,"4/12/22","QNS","","N",NA,NA,"4/24/22","Y","QR","","Prepupa",11,"#VALUE!","19",19,"5/8/22","Y","QR",5,"","5/21/22","Y","QR","5","","6/6/22","Y","QR",10,"","",3,3,"0",343,8,0,114.4,114.4,"0","Normal",1,"6/30/22",1,140.2,"QR",9,NA,"",4,4,0,342,4,0,"",NA,"","QS",NA,"OA Dribble","Natural"," NA",0,353,351,346,"QR QR QR QS ",0,0,0,0,1,0,3,2.7,0.1,5.55,140.2,63.6508
"147","22-147","Turfgrass","3/25/22","Shooting Range","21-045",1,3,5,"5-Vapor18",5,"","3/27/22",NA,NA,0,0,"0",255,7,0,"4/12/22","QNS","","N",NA,NA,"4/24/22","Y","QR","","L5",8,"#VALUE!","22",22,"5/8/22","Y","QR",7,"","5/21/22","Y","QR","10","","6/6/22","Y","QR",14,"","",27,27,"0",390,4,0,147.2,147.2,"0","Normal",2,"6/30/22",2,201.6,"QR",14,NA,"",68,68,0,330,8,0,"",NA,"","QR",NA,"OA Vapor","Natural"," NA",0,262,394,338,"QR QR QR QR ",0,0,0,0,1,0,3.464,2.575,0.075,11.685,189.6,86.0784
"148","22-148","Turfgrass","3/25/22","Kiwi-Raleighs","21-182",1,2,7,"3-Taktic",3,"","3/27/22",NA,NA,0,0,"0",325,16,0,"4/12/22","QR","","Y","L4",7,"4/24/22","Y","QR","","Capped",NA,"11","#VALUE!",11,"5/8/22","N","QL",8,"nice and heavy; only brood is from pink eye to emerging","5/21/22","Y","QR","10","new queen; brood eggs through L2","6/6/22","Y","QR",13,"","",2,2,"0",288,0,0,145,145,"0","Normal",1,"6/30/22",1,136.8,"QR",13,NA,"plugged",5,5,0,352,18,0,"",NA,"","QR",NA,"Amitraz EC","Synthetic"," NA",0,341,288,370,"QL QR QR QR ",0,0,1,0,1,1,3.3,2.5375,0,10.2625,136.8,62.1072
"149","22-149","Turfgrass","3/25/22","Kiwi-Raleighs","21-182",1,2,7,"2-Apivar",2,"","3/27/22",NA,NA,0,0,"0",268,37,0,"4/12/22","QR","","Y","L4",7,"4/24/22","Y","QR","","Capped",NA,"11","#VALUE!",11,"5/8/22","Y","QR",12,"nice wt; big hive","5/21/22","Y","QS","16","","6/6/22","Y","QR",20,"","",2,2,"0",458,9,0,188,188,"0","Normal",3,"6/30/22",3,254.4,"QR",19,NA,"nice",3,3,0,276,14,0,"",NA,"","QS",NA,"Apivar","Synthetic"," NA",0,305,467,290,"QR QS QR QS ",0,0,0,0,1,0,7.455,3.575,0.3125,14.902,230.4,104.6016
"150","22-150","Turfgrass","3/25/22","Raleigh","21-114/144",5,3,2,"5-Vapor18",5,"","3/27/22",4,2,6,6,"0",357,7,0,"4/12/22","QR","","Y","L4",7,"4/24/22","Y","QR","","Capped",NA,"11","#VALUE!",11,"5/8/22","Y","QR",10,"REMOVE; mod EFB",NA,NA,NA,NA,NA,NA,NA,NA,NA,NA,NA,NA,NA,"#VALUE!",NA,NA,NA,NA,NA,"#VALUE!","Normal",NA,NA,NA,NA,NA,NA,NA,"",NA,NA,NA,NA,NA,NA,"5/8/22",44,"EFB",NA,NA,"OA Vapor","Natural","EFB NA",1,364,NA,NA,"QR NA NA NA EFB",0,0,0,0,1,1,NA,NA,NA,NA,NA,NA
"151","22-151","Turfgrass","3/25/22","Raleigh","21-114/144",5,3,2,"6-ManyDribble",6,"","3/27/22",6,3,9,9,"0",256,4,0,"4/12/22","QR","","Y","L3",6,"4/24/22","Y","QR","","Capped",NA,"12","#VALUE!",12,"5/8/22","Y","QR",8,"","5/21/22","Y","QS","6","","6/6/22","Y","QR",12.5,"CDB with frass","",3,3,"0",342,1,0,116.2,116.2,"0","Normal",1,"6/30/22",1,144.8,"QR",16,NA,"",7,7,0,336,4,0,"",NA,"","QR",NA,"5x OA Dribble","Natural"," NA",0,260,343,340,"QR QS QR QR ",0,0,0,0,1,0,4.425,2.6,0.1625,5.875,144.8,65.7392
"152","22-152","Turfgrass","3/25/22","Raleigh","21-114/144",5,3,2,"3-Taktic",3,"","3/27/22",2,0,2,2,"0",258,3,0,"4/12/22","QS","","Y","L6",9,"4/24/22","Y","QR","beautiful comb","Capped",NA,"9","#VALUE!",9,"5/8/22","Y","QR",10,"","5/21/22","Y","QR","13","","6/6/22","Y","QR",16,"","",4,4,"0",386,1,0,140.6,140.6,"0","Normal",2,"6/30/22",2,194,"QR",12,NA,"",3,3,0,364,3,0,"",NA,"","QR",NA,"Amitraz EC","Synthetic"," NA",0,261,387,367,"QR QR QR QR ",0,0,0,0,1,0,4.593,3.3875,0.1375,12.05,182,82.628
"153","22-153","Turfgrass","3/25/22","Kiwi-Raleighs","21-192",2,3,5,"3-Taktic",3,"","3/27/22",NA,NA,2,2,"0",305,15,0,"4/12/22","QR","","Y","eggs",2,"4/24/22","Y","QR","","Capped",NA,"16","#VALUE!",16,"5/8/22","Y","QR",11,"","5/21/22","Y","QR","13","","6/6/22","Y","QR",15,"","",0,0,"0",321,3,0,142.8,142.8,"0","Normal",2,"6/30/22",2,197,"QR",18,NA,"",3,3,0,334,6,0,"",NA,"",NA,NA,"Amitraz EC","Synthetic"," NA",0,320,324,340,"QR QR QR NA ",0,0,0,0,1,0,NA,NA,NA,NA,185,83.99
"154","22-154","Turfgrass","3/25/22","Kiwi-Raleighs","21-192",2,3,5,"2-Apivar",2,"","3/27/22",NA,NA,2,2,"0",288,13,0,"4/12/22","QR","","Y","L2",5,"4/24/22","Y","QR","","Capped",NA,"13","#VALUE!",13,"5/8/22","Y","QR",9,"","5/21/22","Y","QR","12","","6/6/22","Y","QR",14,"","",2,2,"0",376,18,0,149.8,149.8,"0","Four",1,"6/30/22",1,180.8,"QR",16,NA,"",4,4,0,279,26,0,"",NA,"","QS",NA,"Apivar","Synthetic"," NA",0,301,394,305,"QR QR QR QS ",0,0,0,0,1,0,2.552,1.725,0.325,10.257,180.8,82.0832
"155","22-155","Turfgrass","3/25/22","Kiwi-Raleighs","21-192",2,3,5,"7-HopGuard",7,"","3/27/22",NA,NA,0,0,"0",290,17,0,"4/12/22","QNS","","N",NA,NA,"4/24/22","Y","QR","virgin seen (might be real small mated queen), 1 egg;  don't expect to thrive","Eggs",2,"#VALUE!","28",28,"5/8/22","Y","QR",1.5,"REMOVE; real weak and superseding",NA,NA,NA,NA,NA,NA,NA,NA,NA,NA,NA,NA,NA,"#VALUE!",NA,NA,NA,NA,NA,"#VALUE!","Normal",NA,NA,NA,NA,NA,NA,NA,"",NA,NA,NA,NA,NA,NA,"5/8/22",44,"Weak",NA,NA,"HopGuard","Natural","Weak NA",0,307,NA,NA,"QR NA NA NA Weak",0,1,0,0,1,1,NA,NA,NA,NA,NA,NA
"156","22-156","Turfgrass","3/25/22","Kiwi-Raleighs","21-054",1,3,6,"5-Vapor18",5,"","3/27/22",NA,NA,0,0,"0",295,27,0,"4/12/22","QNS","","N",NA,NA,"4/24/22","Y","DL","DL. Remove",NA,NA,"#VALUE!","#VALUE!",NA,"5/8/22",NA,NA,NA,NA,NA,NA,NA,NA,NA,NA,NA,NA,NA,NA,NA,NA,NA,"#VALUE!",NA,NA,NA,NA,NA,"#VALUE!","Normal",NA,NA,NA,NA,NA,NA,NA,"",NA,NA,NA,NA,NA,NA,"4/24/22",30,"Failed to mate",NA,NA,"OA Vapor","Natural","Failed to mate NA",0,322,NA,NA,"NA NA NA NA Failed to mate",1,0,0,0,0,1,NA,NA,NA,NA,NA,NA
"157","22-157","Turfgrass","3/25/22","Kiwi-Raleighs","21-054",1,3,6,"4-Dribble18",4,"","3/27/22",NA,NA,0,0,"0",280,4,0,"4/12/22","QS","","Y","Eggs",2,"4/24/22","Y","QR","","Capped",NA,"16","#VALUE!",16,"5/8/22","Y","QR",9.5,"","5/21/22","Y","QR","14","","6/6/22","Y","QR",14,"","",0,0,"0",343,0,0,161.6,161.6,"0","Normal",2,"6/30/22",2,218.2,"QR",18,NA,"plugged",1,1,0,320,4,0,"",NA,"","QS",NA,"OA Dribble","Natural"," NA",0,284,343,324,"QR QR QR QS ",0,0,0,0,1,0,3.884,2.6,0.2,11.433,206.2,93.6148
"158","22-158","Turfgrass","3/25/22","Kiwi-Raleighs","21-054",1,3,6,"3-Taktic",3,"","3/27/22",NA,NA,0,0,"0",323,2,0,"4/12/22","QNS","","N",NA,NA,"4/24/22","Y","QR","several Q cups","Eggs",2,"#VALUE!","28",28,"5/8/22","Y","DL",4,"REMOVE",NA,NA,NA,NA,NA,NA,NA,NA,NA,NA,NA,NA,NA,"#VALUE!",NA,NA,NA,NA,NA,"#VALUE!","Normal",NA,NA,NA,NA,NA,NA,NA,"",NA,NA,NA,NA,NA,NA,"5/8/22",44,"DL",NA,NA,"Amitraz EC","Synthetic","DL NA",0,325,NA,NA,"DL NA NA NA DL",1,0,0,0,0,1,NA,NA,NA,NA,NA,NA
"159","22-159","Turfgrass","3/25/22","Kiwi-Raleighs","21-181",1,2,6,"1-Control",1,"","3/27/22",NA,NA,0,0,"0",242,10,0,"4/12/22","QNS","","N",NA,NA,"4/24/22","Y","QR","Q cups","Eggs",2,"#VALUE!","28",28,"5/8/22","Y","DL",3,"REMOVE",NA,NA,NA,NA,NA,NA,NA,NA,NA,NA,NA,NA,NA,"#VALUE!",NA,NA,NA,NA,NA,"#VALUE!","Normal",NA,NA,NA,NA,NA,NA,NA,"",NA,NA,NA,NA,NA,NA,"5/8/22",44,"DL",NA,NA,"Control","Control","DL NA",0,252,NA,NA,"DL NA NA NA DL",1,0,0,0,0,1,NA,NA,NA,NA,NA,NA
"160","22-160","Turfgrass","3/25/22","Kiwi-Raleighs","21-181",1,2,7,"4-Dribble18",4,"","3/27/22",NA,NA,0,0,"0",321,2,0,"4/12/22","QNS","Polished brood nest","N",NA,NA,"4/24/22","Y","QR","","L4",7,"#VALUE!","23",23,"5/8/22","Y","QR",4.5,"","5/21/22","Y","QR","6","","6/6/22","Y","QR",8,"possible EFB","",0,0,"0",393,0,0,104.6,104.6,"0","Normal",1,"6/30/22",1,117.2,"QR",9,NA,"bad pattern cbd",5,5,0,360,2,0,"",NA,"","QR",NA,"OA Dribble","Natural"," NA",0,323,393,362,"QR QR QR QR ",0,0,0,0,1,0,2.1,2.025,0,3.55,117.2,53.2088
"161","22-161","Turfgrass","3/25/22","Richland","21-214",9,2,1,"4-Dribble18",4,"","3/27/22",8,1,9,9,"0",271,27,0,"4/12/22","QNS","Polished brood nest","N",NA,NA,"4/24/22","Y","QR","","White eye",13,"#VALUE!","17",17,"5/8/22","Y","QR",9,"","5/21/22","Y","QR","10.5","","6/6/22","Y","QS",13,"","",8,8,"0",310,7,0,140.8,140.8,"0","Normal",1,"6/30/22",1,168.6,"QR",16,NA,"plugged",15,15,0,325,2,0,"",NA,"","QR",NA,"OA Dribble","Natural"," NA",0,298,317,327,"QR QR QS QR ",0,0,0,0,1,0,3.821,3.35,0.3,8.035,168.6,76.5444
"162","22-162","Turfgrass","3/25/22","Richland","21-214",9,2,1,"6-ManyDribble",6,"","3/27/22",2,0,2,2,"0",301,6,0,"4/12/22","QS","","Y","L3",6,"4/24/22","Y","QR","","Capped",NA,"12","#VALUE!",12,"5/8/22","Y","QR",10.5,"","5/21/22","Y","QR","11","","6/6/22","Y","QR",12,"","",1,1,"0",292,2,0,149.4,149.4,"0","Normal",1,"6/30/22",1,185.2,"QR",14,NA,"",4,4,0,349,7,0,"",NA,"","QS",NA,"5x OA Dribble","Natural"," NA",0,307,294,356,"QR QR QR QS ",0,0,0,0,1,0,3,2.3,0.2,8.925,185.2,84.0808
"163","22-163","Turfgrass","3/25/22","Richland","21-166",1,2,7,"7-HopGuard",7,"","3/27/22",NA,NA,4,4,"0",309,13,0,"4/12/22","QS","","Y","L5",8,"4/24/22","Y","QS","little weak; 4 FOB","Capped",NA,"10","#VALUE!",10,"5/8/22","Y","QR",4.5,"","5/21/22","Y","QR","4","","6/6/22","Y","QR",8,"","",0,0,"0",334,0,0,111.6,111.6,"0","Normal",1,"6/30/22",1,136.8,"QS",10,NA,"",5,5,0,263,0,0,"",NA,"","QR",NA,"HopGuard","Natural"," NA",0,322,334,263,"QR QR QR QR ",0,0,0,0,1,0,2.65,2.6,0.05,4,136.8,62.1072
"164","22-164","Turfgrass","3/25/22","Richland","21-166",1,2,7,"1-Control",1,"Originally NA for Varroa. By mistake no Varroa sample was taken, although a duplicate sample labeled 22-167 had 2 mites","3/27/22",NA,NA,2,2,"0",269,8,0,"4/12/22","QS","","Y","L4",7,"4/24/22","Y","QS","3 provisioned sw cells","Capped",NA,"11","#VALUE!",11,"5/8/22","Y","QR",4.5,"REMOVE; mod EFB",NA,NA,NA,NA,NA,NA,NA,NA,NA,NA,NA,NA,NA,"#VALUE!",NA,NA,NA,NA,NA,"#VALUE!","Normal",NA,NA,NA,NA,NA,NA,NA,"",NA,NA,NA,NA,NA,NA,"5/8/22",44,"EFB",NA,NA,"Control","Control","EFB NA",1,277,NA,NA,"QR NA NA NA EFB",0,0,0,0,1,1,NA,NA,NA,NA,NA,NA
"165","22-165","Turfgrass","3/25/22","Richland","21-169",5,2,2,"7-HopGuard",7,"","3/27/22",4,1,5,5,"0",273,11,0,"4/12/22","QS","","Y","L3",6,"4/24/22","Y","QR","","Capped",NA,"12","#VALUE!",12,"5/8/22","Y","QS",11,"","5/21/22","Y","QR","15","","6/6/22","Y","QR",14,"","",9,9,"0",407,3,0,176.6,176.6,"0","Normal",2,"6/30/22",2,212,"QR",18,NA,"plugged cdb w frass",26,26,0,242,10,0,"",NA,"","QS",NA,"HopGuard","Natural"," NA",0,284,410,252,"QS QR QR QS ",0,0,0,0,1,0,4.111,2.8,0.2,13.382,200,90.8
"166","22-166","Turfgrass","3/25/22","Richland","21-169",5,2,2,"1-Control",1,"","3/27/22",0,1,1,1,"0",334,5,0,"4/12/22","QNS","capped supersedure","N",NA,NA,"4/24/22","Y","QS","","L2",5,"#VALUE!","25",25,"5/8/22","Y","QR",6,"","5/21/22","Y","QR","8","","6/6/22","Y","QR",10,"","",14,14,"0",332,1,0,125.6,125.6,"0","Normal",1,"6/30/22",1,146.2,"QR",16,NA,"some bald brood",19,19,0,360,0,0,"",NA,"","QR",NA,"Control","Control"," NA",0,339,333,360,"QR QR QR QR ",0,0,0,0,1,0,3.1,2.475,0.075,7.725,146.2,66.3748
"167","22-167","Turfgrass","3/25/22","Richland","20-D19",8,3,1,"7-HopGuard",7,"Originally a 1 or 2 because 2 entries labeled 22-167; changed to 2 because most consistent","3/27/22",1,0,1,1,"0",308,2,0,"4/12/22","QR","","Y","L4",7,"4/24/22","Y","QR","","Capped",NA,"11","#VALUE!",11,"5/8/22","Y","QR",6,"","5/21/22","Y","QR","9","","6/6/22","Y","QR",12,"","",8,8,"0",387,1,0,128.2,128.2,"0","Normal",1,"6/30/22",1,163.4,"QR",14,NA,"",11,11,0,334,8,0,"",NA,"","QS",NA,"HopGuard","Natural"," NA",0,310,388,342,"QR QR QR QS ",0,0,0,0,1,0,3.75,3.375,0.275,8.2,163.4,74.1836
"168","22-168","Turfgrass","3/25/22","Richland","20-D19",8,3,1,"2-Apivar",2,"","3/27/22",2,1,3,3,"0",280,14,0,"4/12/22","QR","","Y","L3",6,"4/24/22","Y","QR","VQS. Saw emerged and stung sw cell. Trying to supersede?","Capped",NA,"12","#VALUE!",12,"5/8/22","Y","QR",6,"","5/21/22","Y","QS","8","","6/6/22","Y","QS",13,"","",4,4,"0",386,3,0,130.2,130.2,"0","Normal",1,"6/30/22",1,161.4,"QS",18,NA,"plugged",6,6,0,342,0,0,"",NA,"","QS",NA,"Apivar","Synthetic"," NA",0,294,389,342,"QR QS QS QS ",0,0,0,0,1,0,3.625,3.425,0.125,7.225,161.4,73.2756
"169","22-169","Turfgrass","3/25/22","Richland","20-D19",8,3,1,"5-Vapor18",5,"","3/27/22",14,0,14,14,"0",246,47,0,"4/12/22","QR","","Y","L3",6,"4/24/22","Y","QR","","Capped",NA,"12","#VALUE!",12,"5/8/22","Y","QR",4.5,"","5/21/22","Y","QR","7","","6/6/22","Y","QR",10,"","",6,6,"0",332,3,0,110,110,"0","Normal",1,"6/30/22",1,129.2,"QS",11,NA,"weak queen bald brood cdb",11,11,0,347,7,0,"",NA,"","QS",NA,"OA Vapor","Natural"," NA",0,293,335,354,"QR QR QR QS ",0,0,0,0,1,0,2.1,1.75,0.025,5.3,129.2,58.6568
"170","22-170","Turfgrass","3/25/22","Richland","21-062",4,3,3,"3-Taktic",3,"","3/27/22",3,0,3,3,"0",283,27,0,"4/12/22","QR","","Y","L5",8,"4/24/22","Y","QR","","Capped",NA,"10","#VALUE!",10,"5/8/22","Y","QR",7,"","5/21/22","Y","QR","9","","6/6/22","Y","QR",10,"","",0,0,"0",302,0,0,136.8,136.8,"0","Normal",1,"6/30/22",1,172.6,"QR",16,NA,"plugged",2,2,0,340,21,0,"",NA,"","QS",NA,"Amitraz EC","Synthetic"," NA",0,310,302,361,"QR QR QR QS ",0,0,0,0,1,0,4.175,2.6875,0.2875,8.75,172.6,78.3604
"171","22-171","Turfgrass","3/25/22","Richland","21-062",4,3,3,"5-Vapor18",5,"","3/27/22",1,0,1,1,"0",269,4,0,"4/12/22","QR","","Y","L3",6,"4/24/22","Y","QR","","Capped",NA,"12","#VALUE!",12,"5/8/22","Y","QR",7,"","5/21/22","Y","QR","10","","6/6/22","N","QNS",11,"youngest brood purple eye","",9,9,"0",407,3,0,124.4,124.4,"0","Normal",1,NA,NA,NA,NA,NA,NA,"",NA,NA,NA,NA,NA,NA,"6/11/22",77,"QL","QL",NA,"OA Vapor","Natural","QL NA",0,273,410,NA,"QR QR QNS QL QL",0,0,1,0,1,1,5.35,0.0125,0.05,9.8,NA,NA
"172","22-172","Turfgrass","3/25/22","Richland","21-062",4,3,3,"1-Control",1,"","3/27/22",1,0,1,1,"0",294,3,0,"4/12/22","QR","","Y","L4",7,"4/24/22","Y","QR","small colony ~4 FOB","Capped",NA,"11","#VALUE!",11,"5/8/22","Y","QR",5.5,"","5/21/22","Y","QR","7.5","","6/6/22","Y","QR",7.5,"","",1,1,"0",402,0,0,111,111,"0","Normal",1,"6/30/22",1,134.8,"QR",14,NA,"",1,1,0,297,1,0,"",NA,"","QR",NA,"Control","Control"," NA",0,297,402,298,"QR QR QR QR ",0,0,0,0,1,0,2.625,2.5625,0.05,6.15,134.8,61.1992
"173","22-173","Turfgrass","3/25/22","Richland","20-L75",1,3,7,"6-ManyDribble",6,"","3/27/22",NA,NA,3,3,"0",317,3,0,"4/12/22","QS","","Y","L5",8,"4/24/22","Y","QR","","Capped",NA,"10","#VALUE!",10,"5/8/22","Y","QR",11,"nice and heavy","5/21/22","Y","QR","15","","6/6/22","Y","QS",14,"","",1,1,"0",432,1,0,170.2,170.2,"0","Normal",2,"6/30/22",2,215.8,"QR",16,NA,"CDB plugged",2,2,0,271,4,0,"",NA,"","QR",NA,"5x OA Dribble","Natural"," NA",0,320,433,275,"QR QR QS QR ",0,0,0,0,1,0,4.031,2.2,0.2625,13.76,203.8,92.5252
"174","22-174","Turfgrass","3/25/22","Richland","20-L75",1,3,7,"5-Vapor18",5,"","3/27/22",NA,NA,5,5,"0",363,3,0,"4/12/22","QS","","Y","Eggs",2,"4/24/22","Y","QR","","Capped",NA,"16","#VALUE!",16,"5/8/22","Y","QR",12,"nice and heavy","5/21/22","Y","QR","12","","6/6/22","Y","QS",12,"","",13,13,"0",371,1,0,153.4,153.4,"0","Normal",1,"6/30/22",1,168.4,"QR",14,NA,"plugged",12,12,0,252,2,0,"",NA,"","QR",NA,"OA Vapor","Natural"," NA",0,366,372,254,"QR QR QS QR ",0,0,0,0,1,0,4.745,2.975,0.175,11.616,168.4,76.4536
"175","22-175","Turfgrass","3/25/22","Richland","20-L75",1,3,8,"7-HopGuard",7,"","3/27/22",NA,NA,1,1,"0",354,3,0,"4/12/22","QR","","Y","L4",7,"4/24/22","Y","QS","","Capped",NA,"11","#VALUE!",11,"5/8/22","Y","QR",10.5,"REMOVE; mild EFB",NA,NA,NA,NA,NA,NA,NA,NA,NA,NA,NA,NA,NA,"#VALUE!",NA,NA,NA,NA,NA,"#VALUE!","Normal",NA,NA,NA,NA,NA,NA,NA,"",NA,NA,NA,NA,NA,NA,"5/8/22",44,"EFB",NA,NA,"HopGuard","Natural","EFB NA",1,357,NA,NA,"QR NA NA NA EFB",0,0,0,0,1,1,NA,NA,NA,NA,NA,NA
"176","22-176","Turfgrass","3/25/22","Richland","20-C14",4,2,2,"4-Dribble18",4,"","3/27/22",2,0,2,2,"0",317,6,0,"4/12/22","QS","","Y","L5",8,"4/24/22","Y","QR","","Capped",NA,"10","#VALUE!",10,"5/8/22","N","QL",9,"Youngest brd pink eye","5/21/22","Y","QS","9","new queen; brood eggs through prepupa","6/6/22","N","QNS",11,"3 emerged swarm cells; looks to have swarmed","",9,9,"0",352,1,0,134.2,134.2,"0","Normal",1,"6/30/22",1,154.2,"QR",14,NA,"plugged",4,4,0,247,16,0,"",NA,"","QR",NA,"OA Dribble","Natural"," NA",0,323,353,263,"QL QS QNS QR ",0,0,1,0,1,1,3.1,2.625,0.275,8.075,154.2,70.0068
"177","22-177","Turfgrass","3/25/22","Richland","20-C14",4,2,2,"2-Apivar",2,"","3/27/22",2,0,2,2,"0",286,6,0,"4/12/22","QNS","","N",NA,NA,"4/24/22","Y","QR","","L2",5,"#VALUE!","25",25,"5/8/22","Y","DL",6,"REMOVE",NA,NA,NA,NA,NA,NA,NA,NA,NA,NA,NA,NA,NA,"#VALUE!",NA,NA,NA,NA,NA,"#VALUE!","Normal",NA,NA,NA,NA,NA,NA,NA,"",NA,NA,NA,NA,NA,NA,"5/8/22",44,"DL",NA,NA,"Apivar","Synthetic","DL NA",0,292,NA,NA,"DL NA NA NA DL",1,0,0,0,0,1,NA,NA,NA,NA,NA,NA
